open,high,close,low,volume,price_change,p_change,ma5,ma10,ma20,v_ma5,v_ma10,v_ma20,turnover
12.24,12.43,12.29,12.23,586441.06,0,0,12.384,12.588,12.551,675776.29,1110937.01,1001342.92,0.3
12.33,12.36,12.29,12.25,586133.38,-0.14,-1.13,12.438,12.595,12.568,829977.65,1114404.6,1025221.4,0.3
12.31,12.48,12.43,12.2,684197.38,0.09,0.73,12.58,12.599,12.573,1080954.55,1153772.55,1060683.5,0.35
12.61,12.63,12.34,12.32,889988.56,-0.23,-1.83,12.64,12.606,12.569,1115722.24,1158482.3,1072546.78,0.46
12.54,12.67,12.57,12.48,632121.06,0.01,0.08,12.762,12.629,12.577,1282262.5,1132687.45,1084951.18,0.33
12.92,12.95,12.56,12.56,1357447.88,-0.44,-3.38,12.792,12.623,12.577,1546097.74,1148111.62,1158665.99,0.7
12.8,13.1,13,12.77,1841017.88,0.27,2.12,12.752,12.628,12.561,1398831.55,1098565.03,1154278.65,0.95
12.75,12.87,12.73,12.7,858035.81,-0.22,-1.7,12.618,12.603,12.531,1226590.54,1079767.4,1129653.08,0.44
12.88,13.02,12.95,12.66,1722689.88,0.23,1.81,12.572,12.578,12.501,1201242.36,1073935.06,1118312.47,0.89
12.4,12.74,12.72,12.36,1951297.25,0.36,2.91,12.496,12.525,12.459,983112.39,994115.13,1090778.48,1.01
12.32,12.44,12.36,12.3,621116.94,0.03,0.24,12.454,12.514,12.442,750125.5,891748.83,1034238.79,0.32
12.42,12.42,12.33,12.28,979812.81,-0.17,-1.36,12.504,12.54,12.442,798298.5,936038.2,1073148.12,0.5
12.58,12.66,12.5,12.43,731294.94,-0.07,-0.56,12.588,12.547,12.428,932944.26,967594.46,1058308.64,0.38
12.46,12.6,12.57,12.37,632040,0.06,0.48,12.584,12.531,12.409,946627.75,986611.27,1049666.27,0.33
12.62,12.69,12.51,12.43,786362.81,-0.1,-0.79,12.554,12.524,12.391,1005117.87,1037214.92,1045664.26,0.41
12.65,12.79,12.61,12.58,861981.94,-0.14,-1.1,12.574,12.53,12.381,1033372.16,1169220.36,1044611.01,0.44
12.38,12.78,12.75,12.36,1653041.62,0.27,2.16,12.576,12.494,12.358,1073777.9,1209992.27,1031645.69,0.85
12.43,12.54,12.48,12.28,799712.38,0.06,0.48,12.506,12.459,12.322,1002244.65,1179538.76,986300.44,0.41
12.5,12.56,12.42,12.31,924490.62,-0.19,-1.51,12.478,12.424,12.311,1026594.79,1162689.89,1014965.28,0.48
12.68,12.75,12.61,12.46,927634.25,-0.01,-0.08,12.494,12.393,12.311,1069311.96,1187441.83,1020027.39,0.48
12.4,12.66,12.62,12.3,1064010.62,0.22,1.77,12.486,12.37,12.315,1305068.56,1176728.75,1015220.55,0.55
12.33,12.54,12.4,12.33,1295375.38,0.06,0.49,12.412,12.343,12.328,1346206.64,1210258.05,999537.35,0.67
12.45,12.49,12.34,12.28,921463.06,-0.16,-1.28,12.412,12.309,12.347,1356832.86,1149022.83,980964.28,0.47
12.58,12.68,12.5,12.41,1138076.5,-0.07,-0.56,12.37,12.287,12.376,1298784.99,1112721.28,986093.57,0.59
12.27,12.75,12.57,12.23,2106417.25,0.32,2.61,12.292,12.257,12.392,1305571.69,1054113.6,967387.53,1.09
12.48,12.54,12.25,12.16,1269701,-0.15,-1.21,12.254,12.231,12.404,1048388.94,920001.66,930892.16,0.65
12.15,12.42,12.4,12.07,1348506.5,0.27,2.23,12.274,12.222,12.442,1074309.46,853299.12,965926.5,0.69
12.11,12.2,12.13,12.1,631223.69,0.02,0.17,12.206,12.185,12.491,941212.8,793062.12,938574.11,0.33
12.29,12.36,12.11,12.09,1172010,-0.27,-2.18,12.204,12.198,12.556,926657.57,867240.68,944792.78,0.6
12.26,12.41,12.38,12.2,820503.5,0.03,0.24,12.222,12.229,12.62,802655.51,852612.96,943867.57,0.42
12.08,12.39,12.35,12.04,1399303.62,0.29,2.4,12.208,12.259,12.663,791614.37,853712.35,982774.27,0.72
12.12,12.24,12.06,12.02,683023.19,-0.06,-0.49,12.17,12.312,12.714,632288.77,788816.64,1044415.13,0.35
12.21,12.22,12.12,12.08,558447.56,-0.08,-0.66,12.164,12.385,12.809,644911.45,812905.73,1119063.77,0.29
12.25,12.36,12.2,12.16,551999.69,-0.11,-0.89,12.192,12.464,12.924,807823.79,859465.86,1128285.51,0.28
12.13,12.33,12.31,11.98,765297.81,0.15,1.23,12.236,12.526,13.037,902570.4,880661.47,1131270.12,0.39
12.1,12.17,12.16,12.02,602675.62,0.13,1.08,12.31,12.576,13.149,915810.32,941782.66,1124990.15,0.31
12.19,12.27,12.03,12.01,746136.56,-0.23,-1.88,12.454,12.661,13.262,945344.51,1078553.89,1131364.41,0.38
12.22,12.34,12.26,11.94,1373009.25,-0.16,-1.29,12.606,12.797,13.387,980900.01,1084086.09,1146224.34,0.71
12.66,12.66,12.42,12.4,1025732.75,-0.26,-2.05,12.736,12.913,13.519,911107.92,1022344.88,1133332.49,0.53
12.88,12.9,12.68,12.65,831497.44,-0.2,-1.55,12.816,13.01,13.645,858752.54,1035122.19,1123794.25,0.43
12.81,12.91,12.88,12.78,750346.56,0.09,0.7,12.842,13.066,13.757,967755,1111836.2,1121181.55,0.39
12.85,12.88,12.79,12.73,923914.06,-0.12,-0.93,12.868,13.115,13.862,1211763.26,1300013.62,1161101.47,0.48
12.75,12.91,12.91,12.71,1024048.81,0.09,0.7,12.988,13.233,13.955,1187272.17,1425221.81,1178233.13,0.53
12.8,12.85,12.82,12.67,763955.81,0.01,0.08,13.09,13.384,14.041,1133581.84,1397105.17,1183286.22,0.39
12.84,12.93,12.81,12.62,1376509.75,0.03,0.23,13.204,13.548,14.124,1211491.85,1381878.78,1219952.34,0.71
13.32,13.34,13.01,12.99,1970387.88,-0.38,-2.84,13.29,13.721,14.195,1255917.4,1308197.63,1194428.88,1.02
13.43,13.47,13.39,13.35,801458.62,-0.03,-0.22,13.362,13.862,14.255,1388263.97,1184174.94,1136210.89,0.41
13.34,13.43,13.42,13.28,755597.12,0.03,0.22,13.478,13.976,14.289,1663171.45,1208362.6,1148940.25,0.39
13.25,13.44,13.39,13.21,1153505.88,0.15,1.13,13.678,14.125,14.337,1660628.5,1244320.1,1177250.09,0.59
13.48,13.56,13.24,13.22,1598637.5,-0.13,-0.97,13.892,14.28,14.384,1552265.71,1212466.31,1171183.14,0.82
13.7,13.71,13.37,13.29,2632120.75,-0.6,-4.29,14.152,14.448,14.445,1360477.86,1130526.9,1143940.66,1.36
14.42,14.47,13.97,13.89,2175996,-0.45,-3.12,14.362,14.609,14.498,980085.9,1022189.33,1078961.94,1.12
14.41,14.73,14.42,14.38,742882.38,-0.04,-0.28,14.474,14.676,14.537,753553.74,931244.45,1140839.33,0.38
14.5,14.57,14.46,14.36,611691.94,-0.08,-0.55,14.572,14.697,14.522,828011.69,969467.26,1161266.68,0.32
14.5,14.65,14.54,14.37,639698.25,0.12,0.83,14.668,14.7,14.494,872666.91,1058025.89,1208069.72,0.33
14.54,14.65,14.42,14.38,730160.94,-0.11,-0.76,14.744,14.669,14.483,900575.94,1080660.13,1243385.43,0.38
14.83,14.93,14.53,14.46,1043335.19,-0.38,-2.55,14.856,14.647,14.48,1064292.75,1088246.84,1288522.44,0.54
14.99,15.27,14.91,14.82,1115172.12,-0.03,-0.2,14.878,14.602,14.461,1108935.16,1089517.91,1293631.74,0.57
14.95,14.98,14.94,14.75,834968.06,0.02,0.13,14.822,14.548,14.424,1110922.84,1110180.09,1303628.77,0.43
15,15.07,14.92,14.84,779243.38,-0.06,-0.4,14.732,14.488,14.385,1243384.88,1129899.97,1347422.95,0.4
14.63,15.02,14.98,14.55,1548745,0.34,2.32,14.594,14.441,14.337,1260744.32,1157354.42,1357424.19,0.8
14.65,14.9,14.64,14.55,1266547.25,0.01,0.07,14.438,14.387,14.292,1112200.92,1135734.56,1322251.89,0.65
14.47,14.67,14.63,14.41,1125110.5,0.14,0.97,14.326,14.397,14.268,1070100.65,1350434.21,1305867.95,0.58
14.24,14.56,14.49,14.22,1497278.25,0.26,1.83,14.274,14.346,14.24,1109437.35,1353066.1,1294457.49,0.77
14.2,14.25,14.23,14.11,866040.62,0.03,0.21,14.244,14.288,14.225,1016415.06,1358113.55,1255746.91,0.45
14.09,14.23,14.2,14.06,806028,0.12,0.85,14.288,14.297,14.223,1053964.51,1406110.72,1263010.76,0.42
14.36,14.36,14.08,14.08,1056045.88,-0.29,-2.02,14.336,14.312,14.232,1159268.19,1488798.05,1252870.78,0.54
14.34,14.63,14.37,14.23,1321794,0.03,0.21,14.468,14.32,14.248,1630767.76,1497745.58,1246746.33,0.68
14.44,14.44,14.34,14.26,1032166.81,-0.11,-0.76,14.418,14.299,14.271,1596694.84,1497077.45,1213042.93,0.53
14.32,14.53,14.45,14.2,1053787.88,0.01,0.07,14.332,14.282,14.305,1699812.03,1564945.93,1208864.48,0.54
14.74,14.83,14.44,14.42,1332546.38,-0.3,-2.04,14.306,14.232,14.314,1758256.93,1557493.96,1185721.17,0.69
14.1,15.11,14.74,14.06,3413543.75,0.62,4.39,14.288,14.196,14.329,1818327.9,1508769.22,1158022.77,1.76
13.71,14.13,14.12,13.71,1151429.38,0.21,1.51,14.172,14.138,14.328,1364723.4,1261301.7,1033915.9,0.59
14.18,14.19,13.91,13.88,1547752.75,-0.41,-2.86,14.18,14.134,14.342,1397460.05,1235848.88,1009755.82,0.8
14.26,14.33,14.32,14.13,1346012.38,-0.03,-0.21,14.232,14.161,14.377,1430079.82,1153380.28,966183.78,0.69
14.14,14.46,14.35,14.1,1632901.25,0.19,1.34,14.158,14.148,14.38,1356731,1119910.81,933136.37,0.84
14.16,14.17,14.16,14.01,1145521.25,0,0,14.104,14.152,14.394,1199210.54,1016943.51,893919.99,0.59
14.02,14.25,14.16,13.99,1315112.62,-0.01,-0.07,14.104,14.176,14.416,1157880,995747.09,886258.18,0.68
13.91,14.17,14.17,13.64,1710851.62,0.22,1.58,14.088,14.243,14.435,1074237.71,929008.42,861433.62,0.88
14.02,14.03,13.95,13.88,979268.25,-0.13,-0.92,14.09,14.328,14.475,876680.74,852783.03,817512.63,0.5
14.14,14.14,14.08,14,845298.94,-0.08,-0.56,14.138,14.395,14.543,883090.61,813948.38,808059.03,0.44
14.07,14.18,14.16,14,938868.56,0.08,0.57,14.2,14.462,14.605,834676.47,807276.32,848044.74,0.48
14.26,14.28,14.08,14.04,896901.19,-0.1,-0.7,14.248,14.517,14.68,833614.17,806530.1,846689.9,0.46
14.29,14.35,14.18,14.11,723066.75,-0.01,-0.07,14.398,14.55,14.758,783779.12,783662.76,876359.59,0.37
14.41,14.43,14.19,14.07,1011317.62,-0.2,-1.39,14.566,14.593,14.786,828885.32,778987.28,889616.73,0.52
14.43,14.49,14.39,14.3,603228.25,-0.01,-0.07,14.652,14.612,14.819,744806.15,746361.94,922274.9,0.31
14.87,14.87,14.4,14.4,933557.06,-0.43,-2.9,14.724,14.636,14.902,779876.16,770896.48,938177.19,0.48
15.07,15.07,14.83,14.76,647725.94,-0.19,-1.26,14.786,14.655,14.973,779446.03,776769.28,926993.9,0.33
14.7,15.04,15.02,14.67,948597.75,0.4,2.74,14.702,14.627,15.024,783546.4,793858.83,930435.37,0.49
14.55,14.7,14.62,14.5,590921.75,-0.13,-0.88,14.62,14.621,15.063,729089.24,782242.23,924094.1,0.3
14.85,14.89,14.75,14.67,778578.31,0.04,0.27,14.572,14.691,15.127,747917.74,802169.68,948892.39,0.4
14.51,14.72,14.71,14.32,931406.38,0.3,2.08,14.548,14.748,15.211,761916.8,888813.16,971551.52,0.48
14.66,14.73,14.41,14.35,668227.81,-0.2,-1.37,14.524,14.842,15.277,774092.54,886849.7,971461.95,0.34
14.5,14.66,14.61,14.49,676311.94,0.23,1.6,14.552,14.966,15.347,804171.25,969056.42,982581.97,0.35
14.48,14.56,14.38,14.33,685064.25,-0.25,-1.71,14.622,14.978,15.412,835395.22,1000246.19,1000729.44,0.35
14.54,14.84,14.63,14.44,848573.62,0.04,0.27,14.81,15.025,15.496,856421.61,1098187.86,1037313,0.44
14.5,14.6,14.59,14.11,992285.06,0.04,0.28,14.948,15.168,15.584,1015709.51,1105457.91,1048223.29,0.51
14.94,14.94,14.55,14.46,818621.38,-0.41,-2.74,15.16,15.29,15.669,999606.86,1077218.52,1081562.26,0.42
15.02,15.2,14.96,14.91,832431.81,-0.36,-2.35,15.38,15.42,15.761,1133941.59,1067011.91,1165058.19,0.43
15.2,15.45,15.32,15.15,790196.19,0,0,15.334,15.505,15.8,1165097.15,1065945.97,1197680.54,0.41
15.69,15.74,15.32,14.97,1645013.12,-0.33,-2.11,15.24,15.563,15.803,1339954.11,1095615.11,1216358.07,0.85
15.57,15.93,15.65,15.37,911771.81,0,0,15.388,15.673,15.798,1195206.3,1054289.89,1195946.99,0.47
14.98,15.65,15.65,14.96,1490295,0.92,6.25,15.42,15.712,15.749,1154830.17,1056074.21,1181140.56,0.77
14.88,14.98,14.73,14.45,988209.62,-0.12,-0.81,15.46,15.727,15.709,1000082.22,996107.51,1142982.65,0.51
15.67,15.91,14.85,14.78,1664481,-1.21,-7.53,15.676,15.846,15.722,966794.8,1001212.69,1130718.84,0.86
15.64,16.19,16.06,15.4,921274.06,0.25,1.58,15.886,15.966,15.739,851276.1,976438.13,1097612.79,0.47
15.77,15.98,15.81,15.7,709891.19,-0.04,-0.25,15.958,16,15.686,913373.49,990988.68,1104054.2,0.37
15.81,16.05,15.85,15.7,716555.25,0.04,0.25,16.004,16.047,15.655,957318.24,1085906.01,1149992.48,0.37
15.9,15.97,15.81,15.62,821772.5,-0.09,-0.57,15.994,16.101,15.592,992132.8,1263104.48,1174608.12,0.42
16.15,16.2,15.9,15.81,1086887.5,-0.52,-3.17,16.016,16.095,15.536,1035630.59,1329415.11,1209959.86,0.56
15.9,16.53,16.42,15.86,1231761,0.38,2.37,16.046,16.043,15.464,1101600.16,1337101.03,1242118.56,0.63
16,16.25,16.04,15.92,929614.94,0.24,1.52,16.042,15.922,15.358,1068603.86,1337604.08,1257119.46,0.48
15.89,16.08,15.8,15.72,890628.06,-0.12,-0.75,16.09,15.786,15.24,1214493.78,1306206.91,1299709.15,0.46
16.05,16.26,15.92,15.66,1039261.44,-0.13,-0.81,16.208,15.691,15.175,1534076.16,1289857.8,1311098.11,0.54
16.35,16.4,16.05,15.8,1416735.38,-0.35,-2.13,16.174,15.597,15.124,1623199.63,1260224.99,1333817.39,0.73
16.26,16.45,16.4,16.13,1066779.5,0.12,0.74,16.04,15.512,15.05,1572601.9,1218787.45,1375438.52,0.55
16.38,16.66,16.28,16.2,1659064.5,-0.11,-0.67,15.802,15.372,14.922,1606604.3,1217119.73,1412137.55,0.85
15.64,16.54,16.39,15.63,2488540,0.64,4.06,15.482,15.262,14.823,1397920.04,1214078.95,1379335.97,1.28
15.37,15.79,15.75,15.2,1484878.75,0.37,2.41,15.174,15.082,14.74,1045639.43,1086111.76,1310566.92,0.77
15.1,15.57,15.38,15.06,1163746.75,0.17,1.12,15.02,14.977,14.719,897250.35,1090504.61,1285869.76,0.6
14.86,15.27,15.21,14.76,1236791.5,0.53,3.61,14.984,14.884,14.735,864972.99,1147136.08,1256596.68,0.64
14.88,14.95,14.68,14.6,615643.19,-0.17,-1.15,14.942,14.794,14.759,827635.17,1176634.83,1232795.15,0.32
14.8,15.05,14.85,14.63,727136.94,-0.13,-0.87,15.042,14.694,14.821,1030237.85,1293211.39,1248765,0.37
15.15,15.25,14.98,14.82,742933.38,-0.22,-1.45,14.99,14.658,14.866,1126584.09,1332338.43,1248607.68,0.38
14.92,15.31,15.2,14.81,1002359.94,0.2,1.33,14.934,14.65,14.912,1283758.86,1407409.79,1247780.87,0.52
15.11,15.19,15,14.9,1050102.38,-0.18,-1.19,14.784,14.587,14.947,1429299.17,1532089.6,1263867.21,0.54
14.59,15.22,15.18,14.5,1628656.62,0.59,4.04,14.646,14.471,15.007,1525634.5,1607155.37,1255699.21,0.84
14.5,14.82,14.59,14.39,1208868.12,-0.11,-0.75,14.346,14.384,15.059,1556184.92,1544592.99,1219014.22,0.62
14.36,14.85,14.7,14.14,1528807.25,0.25,1.73,14.326,14.397,15.155,1538092.78,1535022.08,1198620.54,0.79
14.66,14.71,14.45,14.24,1730061.5,0.14,0.98,14.366,14.46,15.259,1531060.73,1481234.92,1162305.15,0.89
13.86,14.4,14.31,13.51,1531779,0.63,4.61,14.39,14.586,15.357,1634880.03,1366057.28,1115527.16,0.79
14.4,14.4,13.68,13.6,1781408.75,-0.81,-5.59,14.296,14.723,15.462,1688676.25,1288955.46,1078058.19,0.92
14.63,14.93,14.49,14.45,1118407.38,-0.41,-2.75,14.422,14.947,15.592,1533001.05,1204318.62,1049400.98,0.58
14.4,14.98,14.9,14.15,1493647,0.33,2.27,14.468,15.073,15.697,1531951.37,1164876.93,1051013.53,0.77
14.18,14.75,14.57,14.09,2249158,0.73,5.28,14.554,15.173,15.807,1431409.11,1088151.94,1030238.14,1.16
14.4,14.45,13.84,13.22,1800760.12,-0.47,-3.28,14.782,15.307,15.928,1097234.52,995644.83,957008.11,0.93
14.62,14.86,14.31,14.25,1003032.75,-0.41,-2.79,15.15,15.542,16.079,889234.68,904243.05,919528.18,0.52
15.17,15.17,14.72,14.66,1113159,-0.61,-3.98,15.472,15.734,16.205,875636.19,893435.45,957111.31,0.57
15.62,15.63,15.33,15.28,990935.69,-0.38,-2.42,15.678,15.913,16.288,797802.49,862219.01,977227.18,0.51
15.73,15.81,15.71,15.63,578285.06,0.03,0.19,15.792,16.057,16.313,744894.76,843375.38,1011458.58,0.3
15.79,15.87,15.68,15.66,760760.88,-0.24,-1.51,15.832,16.128,16.343,894055.13,864997.05,1033776.48,0.39
15.79,15.95,15.92,15.62,935040.31,0.17,1.08,15.934,16.201,16.391,919251.43,867160.93,1044987.2,0.48
15.9,15.92,15.75,15.62,723990.5,-0.15,-0.94,15.996,16.237,16.438,911234.71,894483.33,1052899.38,0.37
15.99,16.08,15.9,15.87,726397.06,-0.01,-0.06,16.148,16.32,16.51,926635.53,937150.13,1060438.4,0.37
16.13,16.15,15.91,15.8,1324086.88,-0.28,-1.73,16.322,16.44,16.583,941855.99,972324.34,1098202.69,0.68
16.3,16.31,16.19,16.04,886742.38,-0.04,-0.25,16.424,16.548,16.654,835938.98,918371.39,1183558.05,0.46
16.31,16.44,16.23,16.16,894956.75,-0.28,-1.7,16.468,16.615,16.669,815070.42,934813.31,1188640.52,0.46
16.66,16.67,16.51,16.32,800994.56,-0.26,-1.55,16.478,16.675,16.684,877731.95,1020787.18,1201541.4,0.41
16.32,16.77,16.77,16.31,802499.38,0.35,2.13,16.492,16.663,16.669,947664.74,1092235.36,1218676.15,0.41
16.39,16.55,16.42,16.32,794501.81,0.01,0.06,16.558,16.569,16.647,1002792.69,1179541.78,1283705.93,0.41
16.35,16.53,16.41,16.21,782399.62,0.13,0.8,16.672,16.557,16.675,1000803.8,1202555.91,1289451.97,0.4
16.5,16.67,16.28,16.1,1208264.38,-0.3,-1.81,16.762,16.581,16.705,1054556.2,1222813.47,1325440.16,0.62
17.1,17.15,16.58,16.51,1150658.5,-0.52,-3.04,16.872,16.638,16.761,1163842.4,1211315.43,1344126.91,0.59
17.03,17.34,17.1,17.03,1078139.12,0.11,0.65,16.834,16.7,16.792,1236805.98,1183726.67,1332082.69,0.56
16.77,17.03,16.99,16.67,784557.38,0.13,0.77,16.58,16.725,16.797,1356290.88,1224081.05,1334507.27,0.4
16.92,17,16.86,16.71,1051161.62,0.03,0.18,16.442,16.759,16.803,1404308.02,1448744.71,1350673.66,0.54
16.3,16.97,16.83,16.26,1754695.38,0.44,2.69,16.4,16.723,16.818,1391070.74,1442467.73,1396215.49,0.9
16.02,16.41,16.39,15.89,1515476.38,0.56,3.54,16.404,16.692,16.809,1258788.46,1382295.63,1366943.69,0.78
16.39,16.45,15.83,15.82,1675563.62,-0.47,-2.88,16.566,16.675,16.814,1130647.36,1345116.94,1378707.93,0.86
16.5,16.54,16.3,16.25,1024643.12,-0.35,-2.1,16.87,16.725,16.863,1091871.21,1387870.08,1334762.93,0.53
16.95,17.1,16.65,16.54,984975.19,-0.2,-1.19,17.076,16.793,16.886,1493181.39,1376348.03,1356999.46,0.51
17.08,17.08,16.85,16.81,1093284,-0.35,-2.04,17.046,16.828,16.912,1493864.71,1428066.86,1364082.65,0.56
17.34,17.38,17.2,16.98,874770.88,-0.15,-0.86,16.98,16.884,16.93,1505802.79,1476938.4,1345974.4,0.45
17.45,17.56,17.35,17.21,1481682.88,0.02,0.12,16.784,16.883,16.936,1559586.51,1480438.71,1326648.42,0.76
16.47,17.46,17.33,16.42,3031194,0.83,5.03,16.58,16.868,16.934,1683868.94,1444933.49,1305543.07,1.56
16.54,16.69,16.5,16.36,988391.81,-0.02,-0.12,16.51,16.847,16.937,1259514.66,1252602.62,1202829.76,0.51
16.25,16.54,16.52,16.16,1152974.38,0.3,1.85,16.61,16.912,16.992,1362269,1349963.26,1198096.87,0.59
16.35,16.48,16.22,16.12,1143689.5,-0.11,-0.67,16.788,16.926,17.042,1448074,1351591.76,1177769.92,0.59
17,17.02,16.33,16.3,2103095,-0.65,-3.83,16.982,16.952,17.109,1401290.9,1412298.91,1150703.92,1.08
16.91,17.24,16.98,16.82,909422.62,-0.02,-0.12,17.156,17.001,17.179,1205998.05,1281655.78,1086523.15,0.47
17.41,17.45,17,16.9,1502163.5,-0.41,-2.35,17.184,16.978,17.207,1245690.58,1337650.9,1105783.39,0.77
17.26,17.54,17.41,17.14,1581999.38,0.22,1.28,17.214,16.995,17.236,1337657.53,1300098.44,1127535.67,0.82
17.29,17.42,17.19,17.03,909774,-0.01,-0.06,17.064,16.976,17.279,1255109.53,1215010.4,1114160.21,0.47
17.1,17.28,17.2,17.06,1126630.75,0.08,0.47,16.922,16.988,17.339,1423306.93,1172858.14,1118134.27,0.58
17.11,17.27,17.12,17,1107885.25,-0.03,-0.17,16.846,17,17.414,1357313.5,1166152.66,1134597.07,0.57
16.58,17.22,17.15,16.55,1961998.25,0.49,2.94,16.772,17.027,17.481,1429611.23,1153056.91,1128216.87,1.01
16.48,16.66,16.66,16.18,1169259.38,0.18,1.09,16.776,17.071,17.547,1262539.35,1046230.49,1110939.15,0.6
16.86,16.9,16.48,16.4,1750761,-0.34,-2.02,16.888,17.157,17.619,1174911.26,1003948.07,1159757.44,0.9
16.76,16.95,16.82,16.72,796663.62,0.07,0.42,17.054,17.266,17.677,922409.36,889108.94,1107599.38,0.41
17.16,17.16,16.75,16.7,1469373.88,-0.42,-2.45,17.154,17.356,17.716,974991.81,891390.52,1117506.11,0.76
17.22,17.33,17.17,17.09,1126638.88,-0.05,-0.29,17.282,17.436,17.76,876502.58,873915.89,1079383.68,0.58
17.33,17.35,17.22,17.16,731118.94,-0.09,-0.52,17.366,17.477,17.774,829921.62,954972.9,1059732.54,0.38
17.33,17.35,17.31,17.21,488251.47,-0.01,-0.06,17.426,17.582,17.788,832984.87,1013310.03,1048806.33,0.25
17.4,17.43,17.32,17.21,1059575.88,-0.07,-0.4,17.478,17.689,17.802,855808.51,1063410.39,1059118.74,0.55
17.62,17.64,17.39,17.3,976927.75,-0.2,-1.14,17.558,17.827,17.82,807789.24,1103041.48,1036316.59,0.5
17.49,17.71,17.59,17.48,893734.06,0.07,0.4,17.59,17.935,17.844,871329.19,1103376.83,1024535.74,0.46
17.56,17.65,17.52,17.45,746435.19,-0.05,-0.28,17.588,18.022,17.858,1080024.18,1175647.81,1041647.93,0.38
17.7,17.75,17.57,17.57,602369.69,-0.15,-0.85,17.738,18.08,17.888,1193635.19,1315566.81,1041257.06,0.31
17.55,17.73,17.72,17.46,819479.5,0.17,0.97,17.9,18.088,17.917,1271012.27,1326089.82,1050457.15,0.42
17.51,17.66,17.55,17.4,1294627.5,-0.03,-0.17,18.096,18.075,17.921,1398293.72,1343621.7,1049475.36,0.67
18.16,18.17,17.58,17.52,1937209,-0.69,-3.78,18.28,18.084,17.949,1335424.46,1284851.47,1017976.01,1
18.47,18.88,18.27,18.18,1314490.25,-0.11,-0.6,18.456,18.07,17.981,1271271.44,1164492.18,951171.08,0.68
18.51,18.7,18.38,18.27,989255.12,-0.32,-1.71,18.422,17.994,17.989,1437498.44,1084302.62,918201.07,0.51
18.49,19.06,18.7,18.37,1455886.75,0.23,1.25,18.276,17.914,17.984,1381167.36,1054827.09,916615.64,0.75
18.45,18.55,18.47,18.16,980281.19,0.01,0.05,18.054,17.812,17.966,1288949.68,969591.69,948057.75,0.51
18.3,18.67,18.46,18.15,1616443.88,0.36,1.99,17.888,17.752,17.913,1234278.48,945694.66,960086.24,0.83
17.85,18.56,18.1,17.8,2145625.25,0.45,2.55,17.684,17.694,17.866,1057712.91,907648.06,941292.68,1.11
17.64,17.7,17.65,17.41,707599.75,0.06,0.34,17.566,17.696,17.832,731106.81,766947.31,902852.16,0.36
17.62,17.81,17.59,17.37,994798.31,-0.05,-0.28,17.552,17.746,17.832,728486.82,774824.49,922274.17,0.51
17.43,17.77,17.64,17.37,706925.19,0.2,1.15,17.57,17.767,17.846,650233.71,755329.03,921704.8,0.36
17.54,17.68,17.44,17.35,733616.06,-0.07,-0.4,17.616,17.814,17.865,657110.84,751100.55,942107.14,0.38
17.41,17.57,17.51,17.36,512594.72,-0.07,-0.4,17.704,17.892,17.902,757583.21,737849.99,1005310.86,0.26
17.62,17.67,17.58,17.52,694499.81,-0.1,-0.57,17.826,17.984,17.996,802787.81,752099.52,1021755.64,0.36
17.74,17.79,17.68,17.63,603532.75,-0.19,-1.06,17.94,18.053,18.092,821162.15,778404.19,1014027.14,0.31
17.77,17.95,17.87,17.66,741310.88,-0.01,-0.06,17.964,18.12,18.194,860424.35,926523.81,1014801.04,0.38
18.11,18.35,17.88,17.68,1235977.88,-0.24,-1.32,18.012,18.073,18.297,845090.25,974477.81,1012115.51,0.64
18.03,18.25,18.12,17.9,738617.75,-0.03,-0.17,18.08,18.038,18.405,718116.78,974937.3,982956.95,0.38
17.8,18.24,18.15,17.7,786371.5,0.35,1.97,18.142,17.968,18.505,701411.23,1038757.01,982567.48,0.41
18.09,18.12,17.8,17.73,799843.75,-0.31,-1.71,18.166,17.917,18.6,735646.23,1069723.85,999997.09,0.41
18.15,18.3,18.11,17.98,664640.38,-0.11,-0.6,18.276,17.924,18.71,992623.28,1088080.57,1041087.95,0.34
18.36,18.54,18.22,18.17,601110.5,-0.21,-1.14,18.134,17.916,18.766,1103865.38,1133113.73,1041003.71,0.31
18.35,18.63,18.43,18.2,655090,0.16,0.88,17.996,17.912,18.834,1231757.83,1272771.73,1045068.94,0.34
18.31,18.63,18.27,18.11,957546.5,-0.08,-0.44,17.794,18.008,18.877,1376102.8,1291411.76,1048795.56,0.49
17.35,18.43,18.35,17.32,2084729,0.95,5.46,17.668,18.131,18.946,1403801.48,1249650.08,1050592.93,1.07
17.46,17.47,17.4,17.16,1220850.88,-0.13,-0.74,17.572,18.268,18.989,1183537.87,1103078.27,988505.97,0.63
17.48,17.65,17.53,17.26,1240572.75,0.11,0.63,17.698,18.52,19.098,1162362.09,1049753.2,967858.25,0.64
17.62,17.81,17.42,17.36,1376814.88,-0.22,-1.25,17.828,18.772,19.189,1313785.64,990976.61,957391.23,0.71
17.85,18,17.64,17.57,1096039.88,-0.23,-1.29,18.222,19.042,19.288,1206720.71,926377.95,961317.4,0.56
18.08,18.1,17.87,17.8,983410.94,-0.16,-0.89,18.594,19.282,19.338,1095498.69,930270.32,964475.44,0.51
18.1,18.24,18.03,17.85,1114972,-0.15,-0.82,18.964,19.495,19.341,1022618.68,994095.33,955085.44,0.57
19.37,19.49,18.18,17.99,1997690.5,-1.21,-6.24,19.342,19.616,19.347,937144.31,948893.68,960842.93,1.03
19.33,19.73,19.39,19.01,841490.25,-0.11,-0.56,19.716,19.755,19.337,668167.58,817366.14,925616.78,0.43
19.63,19.74,19.5,19.32,539929.75,-0.22,-1.12,19.862,19.745,19.246,646035.18,806179.37,940575.65,0.28
19.8,19.94,19.72,19.37,619010.88,-0.2,-1,19.97,19.761,19.138,765041.95,851535.77,976863.98,0.32
20,20.17,19.92,19.59,687600.19,-0.13,-0.65,20.026,19.71,19.036,965571.97,873933.66,1014905.32,0.35
20.06,20.45,20.05,19.86,652806.81,-0.07,-0.35,19.89,19.676,18.939,960643.05,885963.3,1054193.57,0.34
19.71,20.2,20.12,19.5,730828.25,0.08,0.4,19.794,19.606,18.863,966564.71,923805.84,1077797.21,0.38
20.16,20.59,20.04,19.8,1134963.62,0.04,0.2,19.628,19.534,18.811,966323.56,996256.86,1100103.48,0.58
19.52,20.06,20,19.25,1621661,0.76,3.95,19.552,19.394,18.785,938029.59,998680.56,1085436.22,0.84
19.75,19.78,19.24,19.19,662955.56,-0.33,-1.69,19.394,19.187,18.754,782295.35,916075.56,1062261.82,0.34
19.15,19.68,19.57,19.15,682415.12,0.28,1.45,19.462,19.078,18.802,811283.56,972792.18,1093975.45,0.35
19.45,19.55,19.29,19.1,729622.5,-0.37,-1.88,19.418,18.918,18.852,881046.97,1033867.42,1175601.95,0.38
19,19.9,19.66,19,993493.75,0.45,2.34,19.44,18.746,18.838,1026190.15,1074971.93,1176096.12,0.51
19.59,19.92,19.21,18.89,842989.81,-0.37,-1.89,19.236,18.515,18.816,1059331.52,1102192.19,1177731.48,0.43
19.3,19.91,19.58,19.17,807896.62,0.23,1.19,18.98,18.362,18.818,1049855.77,1155876.97,1216699.2,0.42
19.3,19.71,19.35,19.2,1031232.19,-0.05,-0.26,18.694,18.202,18.761,1134300.8,1222423.84,1252065.65,0.53
19,19.74,19.4,19,1455338.38,0.76,4.08,18.418,18.12,18.696,1186687.86,1231788.58,1270244.98,0.75
18.17,18.89,18.64,18.02,1159200.62,0.71,3.96,18.052,18.088,18.646,1123753.71,1203950.1,1318608.23,0.6
18.09,18.2,17.93,17.71,795611.06,-0.22,-1.21,17.794,18.176,18.608,1145052.86,1172191.88,1376492.9,0.41
17.86,18.44,18.15,17.71,1230121.75,0.18,1,17.744,18.32,18.601,1261898.17,1208448.09,1395455.74,0.63
17.47,18.17,17.97,17.45,1293167.5,0.4,2.28,17.71,18.526,18.58,1310546.87,1215158.71,1396560.21,0.67
17.21,17.68,17.57,17.06,1140667.62,0.22,1.27,17.822,18.786,18.601,1276889.3,1317336.49,1368342.84,0.59
17.6,17.68,17.35,17.34,1265696.38,-0.33,-1.87,18.124,18.929,18.645,1284146.5,1277220.31,1358890.41,0.65
18.1,18.32,17.68,17.65,1379837.62,-0.3,-1.67,18.558,19.117,18.736,1199330.9,1253270.77,1330509.8,0.71
17.87,18.05,17.98,17.42,1473365.25,-0.55,-2.97,18.896,19.273,18.82,1154998,1277521.42,1304965.58,0.76
18.9,19,18.53,18.41,1124879.62,-0.55,-2.88,19.342,19.32,18.886,1119770.55,1281707.46,1290889.78,0.58
19.3,19.5,19.08,18.73,1176953.62,-0.44,-2.25,19.75,19.271,18.93,1357783.67,1308701.37,1315377.2,0.61
19.31,20.99,19.52,19.19,841618.38,0.15,0.77,19.734,19.203,18.993,1270294.11,1433266.36,1289028.3,0.43
20.18,20.27,19.37,19.27,1158173.12,-0.84,-4.16,19.676,19.039,19.048,1307210.65,1580793.92,1313583.99,0.6
20.36,20.51,20.21,19.81,1297228,-0.36,-1.75,19.65,18.882,19.063,1400044.85,1582463.4,1279476.43,0.67
18.89,20.77,20.57,18.84,2314945.25,1.57,8.26,19.298,18.633,19.05,1443644.37,1577961.7,1245967.54,1.19
19.11,19.15,19,18.8,739505.81,-0.23,-1.2,18.792,18.415,19.016,1259619.07,1419349.2,1158364.53,0.38
19.24,19.55,19.23,19.1,1026201.06,-0.01,-0.05,18.672,18.361,19.061,1596238.61,1440560.52,1154712.14,0.53
18.6,19.56,19.24,18.35,1622344.12,0.79,4.28,18.402,18.354,19.09,1854377.2,1407748.82,1155817.51,0.84
17.93,18.6,18.45,17.78,1515225.62,0.41,2.27,18.114,18.366,19.114,1764881.95,1332409.73,1139799.73,0.78
18.5,18.5,18.04,17.7,1394818.75,-0.36,-1.96,17.968,18.451,19.145,1712279.03,1300072.11,1151678.36,0.72
18,18.78,18.4,17.8,2422603.5,0.52,2.91,18.038,18.589,19.136,1579079.33,1322053.03,1110310.13,1.25
17.48,17.92,17.88,17.01,2316894,0.08,0.45,18.05,18.783,19.1,1284882.44,1144790.24,1020258.65,1.19
17.72,17.93,17.8,17.31,1174867.88,0.08,0.45,18.306,19.057,19.096,961120.44,1046374.06,940894.95,0.61
18.21,18.29,17.72,17.55,1252211,-0.67,-3.64,18.618,19.244,19.101,899937.51,976489.46,926998.98,0.65
18.56,18.88,18.39,18.31,728820.25,-0.07,-0.38,18.934,19.467,19.115,887865.19,913973.38,922384.56,0.38
19.2,19.26,18.46,18.41,951619.06,-0.7,-3.65,19.14,19.617,19.08,1065026.74,897379.87,933451.34,0.49
19.42,19.47,19.16,18.95,698084,-0.2,-1.03,19.516,19.76,19.055,1004698.05,868863.76,929489.29,0.36
19.35,19.97,19.36,19.21,868953.25,0.06,0.31,19.808,19.825,18.985,1131627.67,903886.21,947734.8,0.45
19.5,20.05,19.3,19.11,1191849.38,-0.12,-0.62,19.87,19.862,18.905,1053041.41,947189.73,972164.72,0.61
19.97,20.07,19.42,18.7,1614628,-0.92,-4.52,20,19.838,18.88,940081.58,1003284.61,985137.45,0.83
20.48,20.62,20.34,20.02,649975.62,-0.28,-1.36,20.094,19.682,18.914,729732.99,898567.22,940776.26,0.33
19.67,21.2,20.62,19.55,1332732.12,0.95,4.83,20.004,19.416,18.916,733029.47,895727.05,951709.88,0.69
19.85,20.22,19.67,19.61,476021.91,-0.28,-1.4,19.842,19.135,18.907,676144.74,835415.84,922727.1,0.25
20.09,20.2,19.95,19.57,627050.25,0.06,0.3,19.854,18.957,18.954,841338.06,877508.51,939127.72,0.32
19.78,19.92,19.89,19.5,562885.06,0,0,19.676,18.763,19.017,1066487.64,930795.74,933882.01,0.29
19.79,20.3,19.89,19.63,666458,0.08,0.4,19.27,18.543,19.089,1067401.45,969522.82,934387.89,0.34
19.99,20.58,19.81,19.7,1048308.5,0.08,0.41,18.828,18.35,19.176,1058424.62,990114.82,948865.14,0.54
19.09,19.98,19.73,18.9,1301988.5,0.67,3.52,18.428,18.144,19.223,994686.94,991583.4,938847.24,0.67
17.91,19.25,19.06,17.84,1752798.12,1.2,6.72,18.06,17.947,19.293,913678.95,997139.7,906628.52,0.9
17.55,17.9,17.86,17.45,567454.12,0.18,1.02,17.85,17.921,19.398,795103.85,966990.29,862883.66,0.29
17.7,18.05,17.68,17.58,621573.88,-0.13,-0.73,17.816,18.145,19.568,871644.19,982985.31,872629.19,0.32
18.04,18.07,17.81,17.6,729620.06,-0.08,-0.45,17.872,18.415,19.76,921805.02,1007692.72,914403.48,0.38
17.99,18.15,17.89,17.66,896948.56,-0.12,-0.67,17.86,18.679,19.997,988479.86,1010038.37,901369.72,0.46
17.64,18.14,18.01,17.18,1159922.62,0.32,1.81,17.834,18.95,20.241,1080600.45,1000746.94,896120.15,0.6
17.92,18.05,17.69,17.24,950155.81,-0.27,-1.5,17.992,19.27,20.444,1138876.72,936968.28,881091.08,0.49
17.91,18.24,17.96,17.78,872378.06,0.21,1.18,18.474,19.635,20.65,1094326.42,899252.96,887117.17,0.45
17.85,18.07,17.75,17.68,1062994.25,-0.01,-0.06,18.958,20.001,20.912,1093580.42,907615.46,876739.93,0.55
18.87,18.99,17.76,17.6,1357551.5,-1.04,-5.53,19.498,20.302,21.155,1031596.87,886111.09,843761.99,0.7
19.96,19.99,18.8,18.43,1451304,-1.3,-6.47,20.066,20.638,21.384,920893.44,816117.33,828371.89,0.75
20.38,20.38,20.1,20,727404.31,-0.28,-1.37,20.548,20.874,21.583,735059.83,758777.04,787119.55,0.37
20.45,20.66,20.38,20.24,868648.06,-0.07,-0.34,20.796,20.991,21.746,704179.49,762273.08,778747.99,0.45
20.58,20.8,20.45,20.2,753076.5,-0.15,-0.73,21.044,21.104,21.881,721650.49,821114.23,754829.76,0.39
21.1,21.2,20.6,20.47,804034.31,-0.61,-2.88,21.106,21.314,22.016,740625.3,792701.07,739571.32,0.41
21.36,21.43,21.21,20.78,522135.97,-0.13,-0.61,21.21,21.532,22.134,711341.23,791493.36,737257.18,0.27
21.41,21.82,21.34,21.3,573002.62,-0.28,-1.29,21.2,21.617,22.182,782494.25,825213.89,747064.01,0.3
20.72,21.72,21.62,20.63,956003.06,0.86,4.14,21.186,21.664,22.247,820366.67,874981.39,753118.85,0.49
21,21,20.76,20.41,847950.56,-0.36,-1.71,21.164,21.822,22.321,920577.96,845864.41,727982.8,0.44
21.15,21.34,21.12,20.54,657613.94,-0.04,-0.19,21.522,22.008,22.446,844776.83,801412.89,704495.67,0.34
21.5,21.5,21.16,20.89,877901.06,-0.11,-0.52,21.854,22.13,22.551,871645.49,840626.44,704646.11,0.45
21.3,21.63,21.27,21.02,762364.75,-0.24,-1.12,22.034,22.292,22.662,867933.53,815462.07,702484.31,0.39
22.78,22.78,21.51,21.2,1457059.5,-1.04,-4.61,22.142,22.501,22.808,929596.1,795222.89,690876.83,0.75
22.68,23.05,22.55,22.5,468944.88,-0.23,-1.01,22.48,22.658,22.965,771150.85,688545.29,640715.43,0.24
22.08,23,22.78,21.85,791957.25,0.72,3.26,22.494,22.717,23.064,758048.96,686441.57,645772.08,0.41
21.69,22.15,22.06,21.09,859341.25,0.25,1.15,22.406,22.736,23.14,809607.39,683020.99,628569.92,0.44
22.72,22.74,21.81,21.76,1070677.62,-1.39,-5.99,22.55,22.746,23.264,762990.61,668914.14,623439.83,0.55
22.81,23.5,23.2,22.52,664833.25,0.58,2.56,22.86,22.83,23.362,660849.68,631256.31,589950.99,0.34
22.36,22.93,22.62,22.35,403435.44,0.28,1.25,22.836,22.82,23.397,605939.72,610101.19,581585.68,0.21
22.58,22.79,22.34,22,1049749.38,-0.44,-1.93,22.94,22.884,23.462,614834.18,607578.45,592664.81,0.54
23.36,23.39,22.78,22.48,626257.38,-0.58,-2.48,23.066,22.972,23.555,556434.6,568665.77,565944.88,0.32
23.08,23.6,23.36,23.06,559972.94,0.28,1.21,22.942,23.031,23.641,574837.67,589506.54,559252.05,0.29
23.03,23.12,23.08,22.68,390283.47,-0.06,-0.26,22.8,23.115,23.712,601662.93,586530.77,556457.97,0.2
22.85,23.41,23.14,22.72,447907.75,0.17,0.74,22.804,23.272,23.809,614262.66,592885.57,582906.98,0.23
22.38,23.09,22.97,22.25,757751.44,0.81,3.65,22.828,23.411,23.882,600322.71,605102.59,609130.33,0.39
22.6,22.67,22.16,22.01,718272.75,-0.49,-2.16,22.878,23.544,23.907,580896.95,574118.86,588439.54,0.37
23.13,23.28,22.65,22.39,694099.25,-0.45,-1.95,23.12,23.782,23.974,604175.41,577965.52,579492.69,0.36
23.02,23.69,23.1,23.02,453282.09,-0.16,-0.69,23.43,23.894,24.032,571398.6,548645.68,565077.14,0.23
23.22,23.4,23.26,23.01,378208.03,0.04,0.17,23.74,23.973,24.057,571508.49,553070.18,563884.05,0.19
23.35,23.43,23.22,22.8,660622.62,-0.15,-0.64,23.994,24.039,24.089,609882.47,577751.17,564744.4,0.34
24.31,24.35,23.37,23.12,834665.06,-0.83,-3.43,24.21,24.137,24.108,567340.76,563223.99,558091.5,0.43
24.66,25.06,24.2,24.15,530215.19,-0.45,-1.83,24.444,24.25,24.106,551755.64,528997.55,544547.52,0.27
24.43,24.88,24.65,24.18,453831.53,0.12,0.49,24.358,24.309,24.049,525892.77,526385.17,545519.38,0.23
24.15,24.57,24.53,23.95,570077.94,0.23,0.95,24.206,24.345,23.994,534631.87,572928.39,549491.07,0.29
24.48,24.48,24.3,23.93,447914.09,-0.24,-0.98,24.084,24.352,23.944,545619.87,613158.06,545848.34,0.23
23.99,24.96,24.54,23.8,756739.44,0.77,3.24,24.064,24.27,23.922,559107.21,602760.22,556524.58,0.39
23.72,24.14,23.77,23.68,400900.84,-0.12,-0.5,24.056,24.165,23.898,506239.47,581019.85,558798.32,0.21
23.89,23.92,23.89,23.38,497527.03,-0.03,-0.12,24.26,24.17,23.884,526877.58,581508.6,563768.04,0.26
24.2,24.25,23.92,23.5,625017.94,-0.28,-1.16,24.484,24.141,23.854,611224.92,574697.93,566990.75,0.32
24.33,24.53,24.2,23.91,515350.81,-0.3,-1.22,24.62,24.139,23.838,680696.26,551737.63,566481.7,0.27
24.68,24.71,24.5,24.16,492400.72,-0.29,-1.17,24.476,24.079,23.795,646413.22,552959.01,570406.06,0.25
24.91,25.16,24.79,24.52,504091.38,-0.22,-0.88,24.274,23.961,23.717,655800.22,560097.48,569307.59,0.26
24.64,25.12,25.01,24.5,919263.75,0.41,1.67,24.08,23.789,23.625,636139.62,564653.59,587723.91,0.47
23.54,24.73,24.6,23.45,972374.62,1.12,4.77,23.798,23.643,23.539,538170.94,526053.74,582922.23,0.5
23.48,23.6,23.48,23.19,343935.62,-0.01,-0.04,23.658,23.536,23.458,422779.01,478538.62,575788.2,0.18
23.88,24.09,23.49,23.03,539335.75,-0.33,-1.39,23.682,23.574,23.434,459504.81,510288.95,638446.4,0.28
23.41,23.84,23.82,23.27,405788.38,0.22,0.93,23.648,23.63,23.344,464394.73,536576.8,653218.25,0.21
23.82,24.13,23.6,23.52,429420.31,-0.3,-1.25,23.498,23.598,23.211,493167.56,546027.48,688542.96,0.22
23.85,24.11,23.9,23.4,395414.97,0.3,1.27,23.488,23.567,23.044,513936.54,559283.58,703571.85,0.2
23.15,23.82,23.6,22.95,527564.62,0.28,1.2,23.414,23.536,22.867,534298.24,581225.77,720594.36,0.27
23.14,23.43,23.32,22.6,563785.38,0.43,1.88,23.466,23.511,22.72,561073.09,587853.1,721088.05,0.29
23.52,23.59,23.07,22.84,549652.5,-0.48,-2.04,23.612,23.473,22.593,608758.86,578517.71,717893.99,0.28
23.29,23.64,23.55,22.88,533265.25,0.02,0.09,23.698,23.46,22.475,598887.4,610794.22,720148.52,0.27
23.62,23.75,23.53,23.06,497223.44,-0.33,-1.38,23.646,23.434,22.362,604630.61,639790.72,713433.27,0.26
24,24.04,23.86,23.02,661438.88,-0.19,-0.79,23.658,23.379,22.264,628153.3,673037.77,707723.58,0.34
23.67,24.3,24.05,23.39,802214.25,0.55,2.34,23.556,23.294,22.153,614633.11,766603.84,700531.86,0.41
23.1,23.7,23.5,23.1,500295.19,0.21,0.9,23.334,23.058,22.034,548276.55,769859.69,680476.29,0.26
23.35,23.49,23.29,23.01,561981.31,-0.3,-1.27,23.222,22.823,21.934,622701.05,831058.44,684515.71,0.29
23.34,23.71,23.59,23.11,614836.88,0.24,1.03,23.222,22.52,21.859,674950.82,847860.13,683639.09,0.32
23.29,23.45,23.35,22.78,593837.94,0.41,1.79,23.1,22.197,21.78,717922.23,859962.95,691748.65,0.31
22.95,23.19,22.94,22.86,470431.41,0,0,23.032,21.929,21.709,918574.57,854323,698989.49,0.24
23.87,24.23,22.94,22.9,872417.69,-0.35,-1.5,22.782,21.713,21.636,991442.84,857270.28,714751.26,0.45
23.32,23.65,23.29,23.07,823230.19,0.31,1.35,22.424,21.489,21.546,1039415.82,829502.82,712235.78,0.42
23.19,23.23,22.98,22.78,829693.94,-0.03,-0.13,21.818,21.29,21.419,1020769.44,787075.83,695707.56,0.43
22.3,23.19,23.01,22.29,1597099.62,1.32,6.09,21.294,21.148,21.297,1002003.66,742409.39,696727.11,0.82
21.08,21.95,21.69,20.92,834772.75,0.54,2.55,20.826,21.011,21.208,790071.44,634459.89,651017.3,0.43
20.03,21.24,21.15,19.91,1112282.62,0.89,4.39,20.644,21.01,21.201,723097.72,591092.89,681838.17,0.57
20.36,20.43,20.26,19.81,729998.25,-0.1,-0.49,20.554,21.045,21.167,619589.82,537972.98,702505.15,0.38
20.76,20.77,20.36,20.08,735865.06,-0.31,-1.5,20.762,21.197,21.24,553382.22,519418.05,700585.75,0.38
20.79,20.94,20.67,20.42,537438.5,-0.11,-0.53,21.002,21.362,21.282,482815.12,523534.35,704866.92,0.28
20.72,20.88,20.78,20.59,499904.16,0.08,0.39,21.196,21.488,21.332,478848.34,543655.98,724979.21,0.26
21.51,21.51,20.7,20.63,594743.12,-0.6,-2.82,21.376,21.559,21.373,459088.07,572232.24,747921.44,0.31
21.71,21.72,21.3,21.08,398960.28,-0.26,-1.21,21.536,21.603,21.412,456356.14,594968.73,753044.32,0.21
21.46,21.73,21.56,21.33,383029.53,-0.08,-0.37,21.632,21.548,21.41,485453.87,604339.28,785529.27,0.2
21.88,21.93,21.64,21.31,517604.59,-0.04,-0.18,21.722,21.445,21.352,564253.58,651044.83,823848.62,0.27
21.55,22.09,21.68,21.51,401102.81,0.18,0.84,21.78,21.404,21.313,608463.62,667574.71,866063.16,0.21
21.7,21.73,21.5,21.36,581083.5,-0.28,-1.29,21.742,21.391,21.309,685376.41,772583.44,895696.72,0.3
22.08,22.11,21.78,21.5,544448.94,-0.23,-1.04,21.67,21.288,21.351,733581.32,867037.32,910651.12,0.28
21.77,22.07,22.01,21.6,777028.06,0.08,0.36,21.464,21.283,21.408,723224.69,881753.44,944107.64,0.4
21.38,21.93,21.93,21.21,738654.81,0.44,2.05,21.168,21.202,21.458,737836.09,886199.5,1001238,0.38
21.28,21.65,21.49,21.2,785666.75,0.35,1.66,21.028,21.175,21.444,726685.8,906302.45,1037976.52,0.4
20.84,21.4,21.14,20.76,822108.06,0.39,1.88,21.04,21.186,21.442,859790.47,923610.65,1054962.5,0.42
20.58,20.83,20.75,20.4,492665.75,0.22,1.07,20.906,21.22,21.454,1000493.31,911119.91,1070105.96,0.25
21.21,21.28,20.53,20.45,850085.06,-0.7,-3.3,21.102,21.272,21.521,1040282.2,966719.27,1125142.85,0.44
21.57,21.65,21.23,20.96,682903.38,-0.32,-1.49,21.236,21.259,21.602,1034562.91,996652.41,1154063.59,0.35
20.55,21.55,21.55,20.53,1451190.12,1.08,5.28,21.322,21.221,21.637,1085919.1,1064551.61,1213441.43,0.75
21.53,21.65,20.47,20.37,1525622.25,-1.26,-5.8,21.332,21.226,21.679,987430.82,1018810,1238724.05,0.79
21.3,21.73,21.73,21,691610.19,0.53,2.5,21.534,21.413,21.848,821746.5,954264.92,1208572.09,0.36
21.45,21.55,21.2,20.9,821488.62,-0.46,-2.12,21.442,21.532,21.976,893156.34,1006461.84,1249253.13,0.42
21.6,22.11,21.66,21.27,939684.31,0.06,0.28,21.282,21.713,22.107,958741.91,1116276.5,1304122.04,0.48
21.4,22.12,21.6,21.11,958748.75,0.12,0.56,21.12,21.712,22.253,1043184.13,1169650.58,1304242.5,0.49
21.37,21.7,21.48,21.2,697200.62,0.21,0.99,21.12,21.697,22.413,1050189.18,1186314.36,1310518.3,0.36
20.58,21.38,21.27,20.56,1048659.38,0.87,4.26,21.292,21.687,22.586,1086783.34,1229092.02,1326437.05,0.54
20.84,20.91,20.4,20.28,1149416.5,-0.45,-2.16,21.622,21.769,22.752,1119767.34,1283566.43,1336766.45,0.59
21.68,21.92,20.85,20.58,1361895.38,-0.75,-3.47,22.144,21.945,22.98,1273811.09,1311474.77,1375459.2,0.7
22.44,22.69,21.6,21.48,993774,-0.74,-3.31,22.304,22.053,23.101,1296117.04,1362331.24,1428172.87,0.51
22.7,22.98,22.34,21.86,880171.44,-0.58,-2.53,22.274,22.131,23.249,1322439.54,1458638.09,1452246.14,0.45
22.77,23.49,22.92,22.65,1213579.38,-0.09,-0.39,22.082,22.282,23.286,1371400.7,1462879.26,1470250.49,0.63
21.58,23.08,23.01,21.46,1919635.25,1.36,6.28,21.916,22.42,23.281,1447365.52,1492044.41,1452445.37,0.99
21.62,22.15,21.65,21.26,1473425.12,0.2,0.93,21.746,22.501,23.284,1349138.45,1491967.59,1421171.24,0.76
21.54,21.68,21.45,21.18,1125386.5,0.07,0.33,21.802,22.794,23.32,1428545.45,1438834.43,1403836.01,0.58
21.6,21.96,21.38,21.21,1124977.25,-0.71,-3.21,21.988,23.129,23.372,1594836.65,1434722.24,1398984.95,0.58
22.4,22.56,22.09,21.68,1593403.5,-0.07,-0.32,22.482,23.484,23.405,1554357.82,1423782.07,1388957.8,0.82
22.27,22.28,22.16,21.56,1428499.88,0.23,1.05,22.924,23.735,23.412,1536723.3,1389966.47,1356526.56,0.74
22.38,22.68,21.93,21.82,1870460.12,-0.45,-2.01,23.256,24.014,23.427,1634796.72,1439443.64,1349141.22,0.96
23.8,23.8,22.38,22.26,1956842.5,-1.47,-6.16,23.786,24.149,23.448,1449123.4,1494014.5,1317722.63,1.01
23.96,24.19,23.85,23.57,922583.12,-0.45,-1.85,24.27,24.366,23.464,1274607.82,1445854.19,1327745.59,0.48
24,24.55,24.3,23.48,1505230.88,0.48,2.02,24.486,24.29,23.321,1293206.32,1477621.71,1405650.89,0.78
24.6,24.96,23.82,23.38,1918867,-0.76,-3.09,24.546,24.141,23.115,1243209.65,1412846.32,1386897.13,0.99
24.79,24.84,24.58,24.17,942093.5,-0.22,-0.89,24.772,24.067,22.959,1244090.55,1350374.89,1343409.76,0.49
24.9,24.9,24.8,24.1,1084264.62,-0.13,-0.52,24.512,23.846,22.78,1538905.6,1368837.59,1360713.36,0.56
24.6,25.31,24.93,24.27,1015575.62,0.33,1.34,24.462,23.615,22.559,1617100.55,1363247.66,1396022.99,0.52
24.18,25.24,24.6,24.04,1255247.5,-0.35,-1.4,24.094,23.325,22.305,1662037.1,1354133.53,1405017.87,0.65
23.48,25.18,24.95,23.38,1923271.5,1.67,7.17,23.736,23.088,22.07,1582482.99,1323086.64,1421464.76,0.99
23.38,24.1,23.28,22.91,2416168.75,-1.27,-5.17,23.362,22.84,21.8,1456659.24,1258838.8,1422048.44,1.25
23,24.99,24.55,22.7,1475239.38,1.46,6.32,23.18,22.746,21.545,1198769.59,1141430.76,1392307.61,0.76
22.81,23.54,23.09,22.71,1240258.38,0.28,1.23,22.768,22.561,21.247,1109394.76,1209637,1396256.46,0.64
22.78,23.18,22.81,22.45,857476.94,-0.27,-1.17,22.556,22.352,21.06,1046229.96,1333680.06,1380468.72,0.44
22.31,23.47,23.08,22.31,1294152.75,0.71,3.17,22.44,22.088,20.879,1063690.29,1360947.93,1386519.76,0.67
22.3,23.32,22.37,22.3,1126720.5,-0.12,-0.53,22.318,21.85,20.684,1061018.36,1336444.63,1369966.73,0.58
21.72,22.6,22.49,21.43,1028365.25,0.46,2.09,22.312,21.713,20.508,1084091.94,1352589.13,1377147.56,0.53
22.23,22.23,22.03,21.51,924434.38,-0.2,-0.9,22.354,21.502,20.285,1309879.24,1428798.32,1354583.16,0.48
22.5,22.8,22.23,22.15,944778.56,-0.24,-1.07,22.148,21.284,20.097,1621130.16,1455902.21,1340008.95,0.49
22.15,22.97,22.47,22.12,1280793.12,0.13,0.58,21.736,21.051,19.885,1658205.57,1519842.87,1330274.16,0.66
22.51,22.84,22.34,22.05,1242088.38,-0.36,-1.59,21.382,20.76,19.657,1611870.9,1585258.07,1317671.37,0.64
21.2,22.78,22.7,21.2,2157301.75,1.7,8.1,21.114,20.343,19.454,1621086.32,1643184.45,1300910.86,1.11
21,21.95,21,20.82,2480689,0.83,4.12,20.65,19.933,19.237,1547717.4,1582875.92,1245983.59,1.28
20.68,20.89,20.17,19.95,1130155.62,-0.53,-2.56,20.42,19.767,19.134,1290674.25,1427257.37,1156256.18,0.58
21,21.01,20.7,20.4,1049119.75,-0.3,-1.43,20.366,19.67,19.076,1381480.17,1412091.58,1134201.92,0.54
20.39,21,21,20.18,1288165.5,0.62,3.04,20.138,19.517,18.978,1558645.25,1403488.83,1121188.82,0.66
20,20.64,20.38,20,1790457.12,0.53,2.67,19.572,19.302,18.872,1665282.57,1401705.98,1098580.14,0.92
19.9,20.1,19.85,19.31,1195473.25,-0.05,-0.25,19.216,19.068,18.779,1618034.45,1280368,1053446.97,0.62
19.52,19.98,19.9,19.23,1584185.25,0.34,1.74,19.114,18.909,18.719,1563840.49,1224115.69,1024066.64,0.82
18.08,19.56,19.56,18,1934945.12,1.39,7.65,18.974,18.719,18.66,1442702.99,1140705.44,978718.43,1
18.4,18.48,18.17,17.8,1821352.12,-0.43,-2.31,18.896,18.553,18.617,1248332.41,1050084.67,917953.55,0.94
19.1,19.1,18.6,18.44,1554216.5,-0.74,-3.83,19.032,18.564,18.654,1138129.39,958637.27,870576.27,0.8
19.21,19.58,19.34,19.02,924503.44,0.14,0.73,18.92,18.54,18.689,942701.55,909091.26,837432.84,0.48
19,19.2,19.2,18.72,978497.75,0.03,0.16,18.704,18.501,18.699,884390.89,885254.99,826930.28,0.5
18.87,19.3,19.17,18.7,963092.25,0.32,1.7,18.464,18.482,18.721,838707.89,856312.25,822474.66,0.5
18.02,18.86,18.85,17.96,1270337,0.81,4.49,18.21,18.439,18.765,851836.94,838888.82,837506.03,0.65
18.26,18.26,18.04,17.8,577077.31,-0.22,-1.21,18.096,18.442,18.809,779145.15,795454.29,853061.25,0.3
18.15,18.49,18.26,18.05,632950.12,0.26,1.44,18.16,18.49,18.892,875480.96,826525.94,861896.07,0.33
17.96,18.07,18,17.79,750082.75,0.1,0.56,18.298,18.529,18.954,886119.09,824017.59,862231.46,0.39
18.36,18.65,17.9,17.88,1028737.5,-0.38,-2.08,18.5,18.6,19.007,873916.61,816731.43,852356.57,0.53
18.3,18.64,18.28,18.03,906878.06,-0.08,-0.44,18.668,18.681,19.08,825940.7,785822.43,834846.85,0.47
19,19.1,18.36,18.23,1058756.38,-0.59,-3.11,18.788,18.744,19.147,811763.44,782515.28,847795.86,0.55
18.91,19.07,18.95,18.6,686140.75,-0.06,-0.32,18.82,18.838,19.172,777570.93,765774.42,828554,0.35
18.8,19.1,19.01,18.58,689070.38,0.27,1.44,18.76,18.897,19.167,761916.09,768605.58,854834,0.36
18.8,18.85,18.74,18.15,788857.94,-0.14,-0.74,18.7,18.959,19.14,759546.24,788637.07,889050.51,0.41
18.6,19.06,18.88,18.5,835991.75,0.36,1.94,18.694,19.09,19.094,745704.15,836123.25,892254.14,0.43
18.71,18.8,18.52,18.22,887793.81,-0.13,-0.7,18.7,19.176,19.019,753267.12,910668.2,888447.4,0.46
18.73,18.88,18.65,18.45,607866.56,-0.06,-0.32,18.856,19.294,18.952,753977.92,897266.19,908517.17,0.31
18.79,19.05,18.71,18.68,677221.12,0,0,19.034,19.379,18.902,775295.07,900445.32,911986.77,0.35
18.92,19.03,18.71,18.53,719647.5,-0.2,-1.06,19.218,19.414,18.857,817727.9,887981.71,925132.21,0.37
19.31,19.39,18.91,18.68,873806.62,-0.39,-2.02,19.486,19.479,18.827,926542.35,883871.28,940202.98,0.45
19.47,19.47,19.3,18.97,891347.81,-0.24,-1.23,19.652,19.55,18.774,1068069.27,913076.44,944083.86,0.46
19.78,19.86,19.54,19.17,714452.31,-0.09,-0.46,19.732,19.506,18.691,1040554.46,891333.58,941955.55,0.37
19.93,20.06,19.63,19.52,889385.25,-0.42,-2.1,19.724,19.437,18.599,1025595.58,941062.41,977706.41,0.46
19.7,20.51,20.05,19.4,1263719.75,0.31,1.57,19.61,19.32,18.533,958235.53,989463.95,995618.96,0.65
19.9,20.88,19.74,19.59,1581441.25,0.04,0.2,19.472,19.098,18.429,841200.21,948385.03,980326.41,0.81
20,20,19.7,19.38,753773.75,0.2,1.03,19.448,18.861,18.323,758083.61,866226.59,949676.98,0.39
19.05,19.61,19.5,19.03,639657.88,0.44,2.31,19.28,18.609,18.226,742112.7,919768.14,962378.49,0.33
19.48,19.7,19.06,19.05,552585,-0.3,-1.55,19.15,18.425,18.139,856529.25,923528.21,972725.77,0.28
19.62,19.68,19.36,19.17,678543.19,-0.26,-1.32,19.03,18.3,18.068,1020692.37,962282.71,1005387.72,0.35
18.85,19.62,19.62,18.8,1165858.25,0.76,4.03,18.724,18.175,17.988,1055569.84,996534.67,1023203.81,0.6
18.83,18.99,18.86,18.52,673919.19,0.01,0.05,18.274,17.997,17.892,974369.57,975091.28,1023690.83,0.35
18.59,18.98,18.85,18.3,1211740.62,0.39,2.11,17.938,17.875,17.855,1097423.59,992577.51,1074919.96,0.62
17.78,18.5,18.46,17.75,1373400.62,0.63,3.53,17.7,17.76,17.791,990527.16,1014350.4,1108858.88,0.71
17.38,17.93,17.83,17.25,852930.5,0.46,2.65,17.57,17.746,17.763,903873.05,1001773.98,1102416.85,0.44
17.08,17.43,17.37,16.9,759856.94,0.19,1.11,17.626,17.759,17.749,937499.51,1012267.79,1107773.92,0.39
17.42,17.47,17.18,16.69,1289189.25,-0.48,-2.72,17.72,17.785,17.754,975812.99,1033127.37,1170586.36,0.66
17.81,17.94,17.66,17.45,677258.5,-0.15,-0.84,17.812,17.842,17.75,887731.44,1004988.83,1210907.61,0.35
18.2,18.3,17.81,17.6,940130.06,-0.3,-1.66,17.82,17.853,17.695,1038173.64,1021923.34,1257047.8,0.48
18,18.5,18.11,17.93,1021062.81,0.27,1.51,17.922,17.835,17.606,1099674.9,1048492.72,1243169.42,0.53
17.67,18,17.84,17.54,951424.31,0.2,1.13,17.892,17.8,17.504,1087036.06,1049872.95,1237557.25,0.49
17.71,17.75,17.64,17.22,848781.5,-0.06,-0.34,17.85,17.786,17.407,1090441.76,1072290.38,1269553.4,0.44
18.37,18.5,17.7,17.54,1429469.5,-0.62,-3.38,17.872,17.835,17.284,1122246.22,1157262.41,1272135.62,0.74
18.35,18.48,18.32,17.96,1247636.38,0.36,2,17.886,17.821,17.157,1005673.05,1203367.36,1261515.38,0.64
17.71,18.34,17.96,17.7,957868.62,0.33,1.87,17.748,17.78,16.981,997310.55,1203059.73,1258252.28,0.49
17.65,18.05,17.63,17.33,968452.81,-0.12,-0.68,17.708,17.738,16.849,1012709.84,1203280.06,1240994.41,0.5
17.74,18.36,17.75,17.6,1007803.81,-0.02,-0.11,17.722,17.723,16.727,1054139,1308045.34,1223276.12,0.52
17.54,17.93,17.77,17.35,846603.62,0.14,0.79,17.798,17.658,16.595,1192278.59,1416826.39,1225936.49,0.44
17.76,17.9,17.63,17.29,1205823.88,-0.13,-0.73,17.756,17.537,16.488,1401061.66,1492172.26,1213566.33,0.62
18,18,17.76,17.5,1034865.06,0.06,0.34,17.812,17.377,16.385,1408808.91,1437846.11,1196662.96,0.53
18.2,18.29,17.7,17.45,1175598.62,-0.43,-2.37,17.768,17.207,16.29,1393850.29,1425241.56,1189727.79,0.61
17.53,18.78,18.13,17.53,1698501.75,0.57,3.25,17.724,17.027,16.209,1561951.69,1466816.42,1199607.52,0.88
17.94,18.5,17.56,17.3,1890519,-0.35,-1.95,17.518,16.732,16.081,1641374.19,1387008.84,1164093.21,0.97
17.64,18,17.91,17.33,1244560.12,0.37,2.11,17.318,16.493,15.975,1583282.86,1319663.41,1105688,0.64
17.48,17.6,17.54,17.25,960071.94,0.06,0.34,16.942,16.182,15.847,1466883.31,1313444.84,1076316.63,0.49
17.3,18.1,17.48,17.3,2016105.62,0.38,2.22,16.646,15.959,15.735,1456632.83,1278708.76,1062325.58,1.04
16.56,17.37,17.1,16.54,2095614.25,0.54,3.26,16.33,15.73,15.611,1371681.15,1138506.9,1009232.12,1.08
16.2,16.92,16.56,16.15,1600062.38,0.53,3.31,15.946,15.532,15.523,1132643.49,1035046.6,952306.02,0.82
16.04,16.12,16.03,15.8,662562.38,-0.03,-0.19,15.668,15.439,15.456,1056043.96,934960.41,922981.53,0.34
15.9,16.11,16.06,15.77,908819.5,0.16,1.01,15.422,15.393,15.426,1160006.36,955479.8,960233.49,0.47
15.22,16.05,15.9,15.21,1591347.25,0.72,4.74,15.272,15.373,15.37,1100784.69,954214.02,966361.36,0.82
15.3,15.55,15.18,15.13,900425.94,0.01,0.07,15.13,15.39,15.323,905332.64,932398.62,932288.49,0.46
14.8,15.27,15.17,14.8,1217064.75,0.37,2.5,15.118,15.429,15.309,937449.7,941177.59,951259.28,0.63
15.39,15.41,14.8,14.76,1182374.38,-0.51,-3.33,15.21,15.456,15.316,813876.85,891712.59,974375.19,0.61
15.19,15.37,15.31,14.98,612711.12,0.12,0.79,15.364,15.511,15.333,750953.24,839188.42,955938.6,0.32
15.2,15.31,15.19,15.11,614087,0.07,0.46,15.474,15.51,15.322,807643.35,845942.41,1015159.52,0.32
15.59,15.61,15.12,15.12,1061011.25,-0.51,-3.26,15.65,15.492,15.319,959464.6,879957.34,1104975.17,0.55
15.59,15.83,15.63,15.51,599200.5,0.06,0.39,15.74,15.514,15.286,944905.47,869565.45,1083257.95,0.31
15.67,15.84,15.57,15.39,867756.31,-0.29,-1.83,15.702,15.472,15.223,969548.32,911002.65,1090003.81,0.45
16,16.05,15.86,15.71,896161.69,-0.21,-1.31,15.658,15.458,15.174,927423.6,964987.18,1084032.01,0.46
15.62,16.09,16.07,15.52,1373193.25,0.5,3.21,15.546,15.366,15.104,884241.47,978508.69,1085196.37,0.71
15.54,15.72,15.57,15.4,988215.62,0.13,0.84,15.334,15.255,15.023,800450.07,932178.37,1078262.57,0.51
15.32,15.54,15.44,15.21,722414.75,0.09,0.59,15.288,15.188,14.974,794225.43,961340.97,1095541.87,0.37
15.2,15.48,15.35,15.15,657132.69,0.05,0.33,15.242,15.176,14.957,852456.98,1057037.79,1130467.54,0.34
15.01,15.3,15.3,14.92,680251.06,0.29,1.93,15.258,15.155,14.947,1002550.76,1072688.78,1165123.96,0.35
15.18,15.3,15.01,14.82,954236.25,-0.33,-2.15,15.186,15.133,14.942,1072775.91,1184376.64,1294512.8,0.49
15.32,15.48,15.34,15.2,957092.38,0.13,0.85,15.176,15.145,14.915,1063906.66,1329993.01,1301961.78,0.49
15.26,15.56,15.21,15.13,1013572.5,-0.22,-1.43,15.088,15.057,14.857,1128456.51,1296950.45,1295970.25,0.52
15,15.43,15.43,15,1407601.62,0.49,3.28,15.11,14.973,14.815,1261618.61,1269004.97,1325132.21,0.73
14.88,15.24,14.94,14.83,1031376.81,-0.02,-0.13,15.052,14.89,14.75,1142826.8,1203076.84,1384917.51,0.53
14.73,15.06,14.96,14.6,909890,0.06,0.4,15.08,14.842,14.701,1295977.36,1191884.04,1412734.19,0.47
15.32,15.33,14.9,14.84,1279841.62,-0.42,-2.74,15.114,14.791,14.638,1596079.36,1224346.78,1416673.61,0.66
15.01,15.53,15.32,15.01,1679383,0.18,1.19,15.026,14.76,14.588,1465444.39,1229742.78,1420307.07,0.87
14.96,15.23,15.14,14.88,813642.56,0.06,0.4,14.836,14.738,14.51,1276391.34,1203897.29,1408348.08,0.42
15.3,15.68,15.08,14.99,1797129.62,-0.05,-0.33,14.728,14.739,14.455,1263326.87,1257559.15,1489949.11,0.93
14.26,15.18,15.13,14.26,2410400,0.67,4.63,14.604,14.75,14.38,1087790.73,1404648.96,1472347.44,1.24
14.4,14.46,14.46,14.11,626666.75,0.09,0.63,14.468,14.684,14.291,852614.2,1273930.55,1410118.53,0.32
14.6,14.61,14.37,14.28,734117.75,-0.23,-1.57,14.494,14.656,14.236,994041.18,1294990.05,1426988.58,0.38
14.56,14.69,14.6,14.46,748320.25,0.14,0.97,14.64,14.657,14.195,1131403.25,1381259.44,1466261.71,0.39
14.5,14.71,14.46,14.41,919448.88,0.01,0.07,14.75,14.61,14.132,1251791.42,1566758.19,1489695.99,0.47
14.71,14.71,14.45,14.32,1234517.38,-0.14,-0.96,14.896,14.559,14.071,1721507.2,1633584.34,1537756.21,0.64
15.01,15.14,14.59,14.53,1333801.62,-0.51,-3.38,14.9,14.484,14.023,1695246.9,1609000.44,1567574.43,0.69
15.11,15.35,15.1,14.96,1420928.12,-0.05,-0.33,14.818,14.415,13.994,1595938.92,1610871.35,1602260.64,0.73
15.2,15.3,15.15,14.91,1350261.12,-0.04,-0.26,14.674,14.281,13.96,1631115.62,1612798.86,1596861.82,0.7
14.6,15.35,15.19,14.55,3268027.75,0.72,4.98,14.47,14.17,13.927,1881724.95,1722339.08,1591992.04,1.68
14.1,14.51,14.47,14.06,1103215.88,0.29,2.04,14.222,14.01,13.904,1545661.48,1540045.91,1527572.26,0.57
14.4,14.46,14.18,14.14,837261.75,-0.2,-1.39,14.068,13.897,13.887,1522753.98,1546306.51,1536978.8,0.43
14.21,14.5,14.38,14.15,1596811.62,0.25,1.77,14.012,13.816,13.886,1625803.78,1558987.1,1591660.28,0.82
13.97,14.66,14.13,13.97,2603307.75,0.18,1.29,13.888,13.732,13.88,1594482.1,1551263.98,1613947.84,1.34
13.67,14.02,13.95,13.62,1587710.38,0.25,1.82,13.87,13.653,13.908,1562953.2,1412633.8,1581460.77,0.82
13.8,13.9,13.7,13.62,988678.38,-0.2,-1.44,13.798,13.582,13.955,1534430.35,1441928.09,1598933.26,0.51
13.82,13.96,13.9,13.65,1352510.75,0.14,1.02,13.726,13.562,14.013,1569859.05,1526148.43,1657438,0.7
13.82,13.85,13.76,13.62,1440203.25,-0.28,-1.99,13.62,13.573,14.094,1492170.42,1593649.94,1702012.19,0.74
13.66,14.15,14.04,13.48,2445663.25,0.45,3.31,13.576,13.638,14.194,1508045.85,1580924.78,1761568.99,1.26
13.47,13.62,13.59,13.43,1445096.12,0.25,1.87,13.436,13.683,14.266,1262314.4,1461645.01,1837507.2,0.74
13.28,13.53,13.34,13.25,1165821.88,-0.03,-0.22,13.366,13.797,14.371,1349425.83,1515098.6,2000825.44,0.6
13.5,13.51,13.37,13.37,964067.62,-0.17,-1.26,13.398,13.877,14.416,1482437.8,1527651.09,2130951.04,0.5
13.35,13.63,13.54,13.21,1519580.38,0.2,1.5,13.526,13.955,14.419,1695129.45,1624333.46,2212272.71,0.78
13.34,13.43,13.34,13.18,1217006,0.1,0.76,13.7,14.028,14.398,1653803.7,1676631.71,2221163.19,0.63
13.67,13.68,13.24,13.1,1880653.25,-0.26,-1.93,13.93,14.162,14.371,1660975.62,1750287.74,2207209.91,0.97
13.97,13.99,13.5,13.42,1830881.75,-0.51,-3.64,14.228,14.327,14.349,1680771.37,1755938.43,2165101.25,0.94
14.24,14.29,14.01,13.81,2027525.88,-0.4,-2.78,14.356,14.463,14.336,1572864.37,1788727.58,2073647.46,1.04
14.49,14.65,14.41,14.27,1312951.62,-0.08,-0.55,14.384,14.615,14.275,1553537.47,1810374.44,2048432.2,0.68
14.68,14.68,14.49,14.4,1252865.62,-0.24,-1.63,14.356,14.75,14.185,1699459.73,1942213.2,2032324.95,0.65
14.23,14.77,14.73,14.1,1979632,0.59,4.17,14.394,14.849,14.092,1839599.85,2213369.39,2035635.66,1.02
14.17,14.28,14.14,13.95,1291346.75,-0.01,-0.07,14.426,14.944,13.996,1831105.48,2486552.29,2013630.15,0.67
14.3,14.55,14.15,14.12,1930891.38,-0.12,-0.84,14.57,14.955,13.927,2004590.78,2734250.99,2005045.2,1
14.78,14.86,14.27,14.23,2042562.88,-0.41,-2.79,14.846,14.883,13.862,2067211.4,2800211.95,1944324.05,1.05
14.9,15.19,14.68,14.55,1953566.25,-0.21,-1.41,15.144,14.768,13.793,2184966.67,2765694.67,1878098.86,1.01
14.7,15.08,14.89,14.5,1937160.12,0.03,0.2,15.304,14.58,13.7,2587138.92,2664132.07,1813436.2,1
15.35,15.48,14.86,14.76,2158773.25,-0.67,-4.31,15.462,14.371,13.605,3141999.1,2574264.07,1768105.72,1.11
15.66,15.66,15.53,15.31,2243994.5,-0.23,-1.46,15.34,14.208,13.516,3463911.2,2358567.35,1727619.05,1.16
15.23,16,15.76,15.23,2631339.25,0.28,1.81,14.92,13.935,13.414,3533212.5,2286489.95,1644443.14,1.36
16.3,16.63,15.48,15.03,3964427.5,-0.2,-1.28,14.392,13.619,13.309,3346422.67,2122436.7,1536591.18,2.04
14.6,15.68,15.68,14.59,4711461,1.43,10.04,13.856,13.335,13.216,2741125.22,1857901.93,1367668.4,2.43
13.57,14.32,14.25,13.56,3768333.75,0.82,6.11,13.28,13.047,13.112,2006529.04,1540708,1151246.69,1.94
13.08,13.49,13.43,12.97,2590501,0.31,2.36,13.076,12.898,13.078,1253223.51,1275839.42,991983.32,1.33
12.79,13.15,13.12,12.74,1697390.12,0.32,2.5,12.95,12.84,13.083,1039767.41,1088436.14,910298.43,0.87
12.83,12.88,12.8,12.72,937940.25,0,0,12.846,12.817,13.105,898450.73,990503.04,869601.86,0.48
12.92,12.97,12.8,12.71,1038480.06,0,0,12.814,12.819,13.131,974678.63,962740.32,866852.88,0.54
12.8,13.8,13.23,12.8,1806.1,0.43,3.36,12.814,12.838,13.141,1074886.97,961947.37,837819.29,0
12.64,12.88,12.8,12.6,1523220.5,0.2,1.59,12.72,12.823,13.133,1298455.33,1096670.75,885767,0.78
12.65,12.69,12.6,12.52,990806.75,-0.04,-0.32,12.73,12.892,13.143,1137104.88,1002396.32,833754.12,0.51
12.74,12.76,12.64,12.62,1319079.75,-0.16,-1.25,12.788,12.999,13.165,1082555.35,950745.65,804024.41,0.68
12.73,12.84,12.8,12.61,1539521.75,0.04,0.31,12.824,13.097,13.181,950802.01,877434.87,758578.96,0.79
12.76,12.8,12.76,12.59,1119647.88,-0.09,-0.7,12.862,13.176,13.187,849007.77,761785.39,724414.74,0.58
12.89,12.92,12.85,12.76,716468.25,-0.04,-0.31,12.926,13.257,13.219,894886.17,708127.23,696047.95,0.37
12.9,12.99,12.89,12.86,718059.12,0.07,0.55,13.054,13.326,13.252,867687.76,732160.71,694767.09,0.37
12.85,12.97,12.82,12.8,660313.06,-0.17,-1.31,13.21,13.392,13.275,818935.96,748700.69,688882.56,0.34
12.9,13.02,12.99,12.87,1030550.56,-0.09,-0.69,13.37,13.442,13.294,804067.73,770965.44,687727.34,0.53
13.38,13.39,13.08,13,1349039.88,-0.41,-3.04,13.49,13.443,13.306,674563,713691.2,674039.53,0.7
13.71,13.71,13.49,13.4,580476.19,-0.18,-1.32,13.588,13.442,13.317,521368.28,674863.25,653821.14,0.3
13.64,13.73,13.67,13.53,474300.09,0.05,0.37,13.598,13.393,13.324,596633.66,665111.93,656815.27,0.24
13.68,13.85,13.62,13.58,585971.94,0.03,0.22,13.574,13.33,13.33,678465.41,657303.16,661025.82,0.3
13.6,13.62,13.59,13.43,383026.88,0.02,0.15,13.514,13.264,13.349,737863.14,639723.04,662370.34,0.2
13.53,13.64,13.57,13.41,583066.31,0.03,0.22,13.396,13.197,13.367,752819.41,687044.09,689958.08,0.3
13.64,13.88,13.54,13.5,956803.06,-0.01,-0.07,13.296,13.18,13.373,828358.21,683968.66,693942.23,0.49
13.29,13.63,13.55,13.28,883458.88,0.23,1.73,13.188,13.177,13.385,733590.19,657373.46,696551.97,0.46
13.1,13.39,13.32,13.08,882960.56,0.32,2.46,13.086,13.158,13.404,636140.9,629064.44,693356.05,0.45
13.01,13.04,13,12.92,457808.25,-0.07,-0.54,13.014,13.146,13.439,541582.95,604489.24,704644.14,0.24
12.87,13.18,13.07,12.81,960760.31,0.29,2.27,12.998,13.169,13.465,621268.78,634387.86,720331.94,0.5
13.05,13.19,13,12.96,482962.97,-0.04,-0.31,13.064,13.192,13.486,539579.11,632779.04,719135.42,0.25
13.02,13.07,13.04,12.94,396212.41,0.08,0.62,13.166,13.255,13.498,581156.73,648518.62,723287.35,0.2
12.97,12.98,12.96,12.76,410170.81,0.04,0.31,13.23,13.33,13.508,621987.97,664748.49,735826.21,0.21
13.33,13.34,12.92,12.92,856237.38,-0.48,-3.58,13.278,13.434,13.521,667395.52,685017.64,766957.81,0.44
13.52,13.57,13.4,13.36,552312,-0.11,-0.81,13.34,13.537,13.548,647506.95,692872.07,830268.35,0.28
13.38,13.62,13.51,13.27,690851.06,0.15,1.12,13.32,13.566,13.527,725978.96,703915.79,843575.54,0.36
13.41,13.45,13.36,13.27,600368.62,0.16,1.21,13.344,13.592,13.496,715880.51,735730.49,875591.23,0.31
13.2,13.34,13.2,13.12,637208.56,-0.03,-0.23,13.43,13.649,13.462,707509.01,757647.66,885030.54,0.33
13.39,13.43,13.23,13.14,756794.5,-0.07,-0.53,13.59,13.731,13.446,702639.75,804799.04,885989.93,0.39
13.55,13.59,13.3,13.22,944672.06,-0.33,-2.42,13.734,13.76,13.427,738237.19,806276.01,882454.55,0.49
13.75,13.78,13.63,13.53,640358.81,-0.16,-1.16,13.812,13.78,13.392,681852.62,805491.8,857531.67,0.33
13.95,14.05,13.79,13.72,558511.12,-0.21,-1.5,13.84,13.741,13.35,755580.46,798056.08,858847.48,0.29
13.92,14.13,14,13.9,612862.25,0.05,0.36,13.868,13.685,13.297,807786.31,806903.93,851349.61,0.32
13.76,14.02,13.95,13.68,934781.69,0.26,1.9,13.872,13.608,13.236,906958.34,848897.98,847142.31,0.48
13.76,13.76,13.69,13.6,662749.25,-0.08,-0.58,13.786,13.558,13.183,874314.84,967664.64,843918.91,0.34
13.76,13.89,13.77,13.61,1008998,-0.16,-1.15,13.748,13.488,13.129,929130.98,983235.29,852048.85,0.52
14.02,14.32,13.93,13.88,819540.38,-0.09,-0.64,13.642,13.4,13.089,840531.7,1015451.97,827517.2,0.42
13.48,14.1,14.02,13.45,1108722.38,0.5,3.7,13.502,13.275,13.037,806021.55,1012413.43,812581.99,0.57
13.45,13.56,13.52,13.27,771564.19,0.02,0.15,13.344,13.16,12.976,790837.62,967180.83,782814.38,0.4
13.3,13.64,13.5,13.25,936829.94,0.26,1.96,13.33,13.094,12.947,1061014.44,958633.09,777323.11,0.48
13.17,13.28,13.24,13.11,566001.62,0.01,0.08,13.228,13.003,12.929,1037339.61,909571.54,763132.56,0.29
13.23,13.31,13.23,13.11,646989.62,0,0,13.158,12.958,12.92,1190372.24,919638.87,788592.1,0.33
13.37,13.42,13.23,13.16,1032802.75,-0.22,-1.64,13.048,12.909,12.902,1218805.3,895795.29,813090.51,0.53
13.3,13.7,13.45,13.3,2122448.25,0.46,3.54,12.976,12.864,12.885,1143524.03,845386.63,801526.7,1.09
12.86,13.05,12.99,12.77,818455.81,0.1,0.78,12.858,12.807,12.853,856251.75,720173.17,728142.17,0.42
12.77,13.04,12.89,12.65,1331164.75,0.21,1.66,12.778,12.769,12.845,781803.47,720862.41,722829.61,0.69
12.79,12.79,12.68,12.54,789154.94,-0.19,-1.48,12.758,12.777,12.843,648905.51,639582.44,684808.66,0.41
12.86,12.93,12.87,12.78,656396.38,0.01,0.08,12.77,12.798,12.853,572785.27,612750.55,677852.24,0.34
12.65,12.86,12.86,12.57,686086.88,0.27,2.15,12.752,12.791,12.852,547249.23,598447.94,679384.8,0.35
12.67,12.71,12.59,12.47,446214.41,-0.2,-1.56,12.756,12.799,12.852,584094.6,596013.14,678869.26,0.23
12.76,12.98,12.79,12.65,666674.94,0.05,0.39,12.76,12.855,12.873,659921.35,616693.58,698257.16,0.34
12.88,12.89,12.74,12.72,408553.75,-0.04,-0.31,12.796,12.882,12.881,630259.37,657545.33,701128.27,0.21
12.88,12.92,12.78,12.72,528716.19,-0.1,-0.78,12.826,12.895,12.895,652715.83,730385.73,730385.73,0.27
12.89,12.94,12.88,12.81,870313.69,0.27,2.14,12.83,12.908,12.908,649646.65,752793.45,752793.45,0.45
12.82,12.89,12.61,12.55,825348.19,-0.36,-2.78,12.842,12.911,12.911,607931.67,738103.42,738103.42,0.43
12.75,12.97,12.97,12.66,518365.03,0.08,0.62,12.95,12.954,12.954,573465.81,725639.88,725639.88,0.27
12.86,13.13,12.89,12.82,520836.03,0.09,0.7,12.968,12.952,12.952,684831.28,760185.69,760185.69,0.27
13.05,13.09,12.8,12.78,513370.31,-0.14,-1.08,12.964,12.964,12.964,808055.63,808055.63,808055.63,0.26
12.85,13.04,12.94,12.76,661738.81,-0.21,-1.6,13.005,13.005,13.005,881726.96,881726.96,881726.96,0.34
13.25,13.38,13.15,13.08,653018.88,0.09,0.69,13.027,13.027,13.027,955056.34,955056.34,955056.34,0.34
12.78,13.34,13.06,12.72,1075192.38,0.19,1.48,12.965,12.965,12.965,1106075.07,1106075.07,1106075.07,0.55
12.88,13.07,12.87,12.7,1136957.75,0.26,2.06,12.87,12.87,12.87,1136957.75,1136957.75,1136957.75,0.59
