trade_date,index,ts_code,open,high,low,close,pre_close,change,pct_chg,vol,amount
20181116,0,601678.SH,4.76,4.8,4.69,4.8,4.74,0.06,1.2658,134140.06,63615.031
20181115,1,601678.SH,4.67,4.75,4.67,4.74,4.7,0.04,0.8511,87528.04,41272.191
20181114,2,601678.SH,4.7,4.79,4.68,4.7,4.73,-0.03,-0.6342,107783.47,50912.404
20181113,3,601678.SH,4.59,4.76,4.57,4.73,4.65,0.08,1.7204,158789.04,74693.886
20181112,4,601678.SH,4.53,4.65,4.51,4.65,4.56,0.09,1.9737,84128.15,38878.567
20181109,5,601678.SH,4.54,4.62,4.5,4.56,4.53,0.03,0.6623,61155.03,27946.621
20181108,6,601678.SH,4.65,4.71,4.51,4.53,4.64,-0.11,-2.3707,89160.82,40939.823
20181107,7,601678.SH,4.62,4.7,4.58,4.64,4.57,0.07,1.5317,120515.39,55989.27
20181106,8,601678.SH,4.59,4.59,4.52,4.57,4.61,-0.04,-0.8677,60548.43,27562.654
20181105,9,601678.SH,4.6,4.65,4.51,4.61,4.59,0.02,0.4357,94038.28,43067.282
20181102,10,601678.SH,4.51,4.6,4.51,4.59,4.45,0.14,3.1461,127919.39,58446.98
20181101,11,601678.SH,4.38,4.53,4.38,4.45,4.37,0.08,1.8307,123255.67,55092.741
20181031,12,601678.SH,4.34,4.42,4.34,4.37,4.33,0.04,0.9238,67955.35,29792.847
20181030,13,601678.SH,4.31,4.38,4.24,4.33,4.31,0.02,0.464,69119.52,29822.923
20181029,14,601678.SH,4.31,4.36,4.27,4.31,4.31,0.0,0.0,70977.72,30637.077
20181026,15,601678.SH,4.32,4.41,4.3,4.31,4.29,0.02,0.4662,76624.79,33250.607
20181025,16,601678.SH,4.13,4.32,4.13,4.29,4.29,0.0,0.0,93428.25,39247.211
20181024,17,601678.SH,4.26,4.36,4.25,4.29,4.31,-0.02,-0.464,73943.36,31832.748
20181023,18,601678.SH,4.41,4.44,4.28,4.31,4.39,-0.08,-1.8223,103186.13,44831.834
20181022,19,601678.SH,4.14,4.44,4.14,4.39,4.14,0.25,6.0386,160775.9,69511.897
20181019,20,601678.SH,3.94,4.18,3.87,4.14,4.01,0.13,3.2419,133745.61,53795.32
20181018,21,601678.SH,4.05,4.1,4.0,4.01,4.09,-0.08,-1.956,81702.17,33037.272
20181017,22,601678.SH,4.09,4.11,4.01,4.09,4.0,0.09,2.25,88839.33,36098.766
20181016,23,601678.SH,4.26,4.26,3.95,4.0,4.24,-0.24,-5.6604,122047.76,49822.917
20181015,24,601678.SH,4.27,4.36,4.23,4.24,4.28,-0.04,-0.9346,62924.63,27017.045
20181012,25,601678.SH,4.21,4.42,4.15,4.28,4.36,-0.08,-1.8349,113543.32,48759.447
20181011,26,601678.SH,4.6,4.74,4.36,4.36,4.84,-0.48,-9.9174,164001.87,73983.523
20181010,27,601678.SH,5.0,5.03,4.8,4.84,5.01,-0.17,-3.3932,122291.78,59884.121
20181009,28,601678.SH,5.07,5.08,4.99,5.01,5.03,-0.02,-0.3976,79740.3,40148.911
20181008,29,601678.SH,5.18,5.21,5.0,5.03,5.21,-0.18,-3.4549,115143.57,58593.214
20180928,30,601678.SH,5.18,5.24,5.15,5.21,5.15,0.06,1.165,47287.09,24598.529
20180927,31,601678.SH,5.25,5.27,5.15,5.15,5.23,-0.08,-1.5296,53006.03,27615.06
20180926,32,601678.SH,5.28,5.29,5.19,5.23,5.26,-0.03,-0.5703,71178.06,37286.095
20180925,33,601678.SH,5.26,5.31,5.22,5.26,5.27,-0.01,-0.1898,47709.93,25115.574
20180921,34,601678.SH,5.18,5.29,5.18,5.27,5.18,0.09,1.7375,76450.26,40120.633
20180920,35,601678.SH,5.18,5.25,5.17,5.18,5.18,0.0,0.0,53792.64,27994.283
20180919,36,601678.SH,5.1,5.22,5.08,5.18,5.12,0.06,1.1719,65324.33,33814.933
20180918,37,601678.SH,5.04,5.14,5.01,5.12,5.04,0.08,1.5873,58214.43,29596.469
20180917,38,601678.SH,5.22,5.24,5.04,5.04,5.24,-0.2,-3.8168,65301.84,33398.171
20180914,39,601678.SH,5.26,5.28,5.23,5.24,5.26,-0.02,-0.3802,42267.55,22180.879
20180913,40,601678.SH,5.28,5.35,5.22,5.26,5.27,-0.01,-0.1898,49148.87,25904.109
20180912,41,601678.SH,5.33,5.34,5.26,5.27,5.33,-0.06,-1.1257,42266.76,22332.743
20180911,42,601678.SH,5.38,5.39,5.3,5.33,5.39,-0.06,-1.1132,55251.22,29495.37
20180910,43,601678.SH,5.43,5.43,5.32,5.39,5.43,-0.04,-0.7366,56801.47,30520.189
20180907,44,601678.SH,5.38,5.47,5.38,5.43,5.34,0.09,1.6854,114498.96,62071.144
20180906,45,601678.SH,5.4,5.43,5.32,5.34,5.42,-0.08,-1.476,104439.17,56100.896
20180905,46,601678.SH,5.5,5.51,5.41,5.42,5.51,-0.09,-1.6334,109159.2,59496.034
20180904,47,601678.SH,5.5,5.55,5.47,5.51,5.5,0.01,0.1818,86310.19,47551.822
20180903,48,601678.SH,5.55,5.59,5.48,5.5,5.56,-0.06,-1.0791,82186.82,45232.018
20180831,49,601678.SH,5.57,5.61,5.56,5.56,5.58,-0.02,-0.3584,59856.21,33432.745
20180830,50,601678.SH,5.64,5.66,5.57,5.58,5.66,-0.08,-1.4134,83346.57,46686.131
20180829,51,601678.SH,5.65,5.7,5.63,5.66,5.65,0.01,0.177,62497.66,35349.321
20180828,52,601678.SH,5.69,5.71,5.63,5.65,5.7,-0.05,-0.8772,74571.54,42263.997
20180827,53,601678.SH,5.61,5.7,5.56,5.7,5.61,0.09,1.6043,108400.55,61072.239
20180824,54,601678.SH,5.64,5.67,5.6,5.61,5.64,-0.03,-0.5319,52401.38,29466.069
20180823,55,601678.SH,5.65,5.69,5.61,5.64,5.65,-0.01,-0.177,66660.68,37674.108
20180822,56,601678.SH,5.72,5.75,5.64,5.65,5.76,-0.11,-1.9097,64971.53,36857.995
20180821,57,601678.SH,5.73,5.78,5.69,5.76,5.74,0.02,0.3484,79074.36,45428.837
20180820,58,601678.SH,5.66,5.74,5.6,5.74,5.68,0.06,1.0563,79938.66,45450.328
20180817,59,601678.SH,5.76,5.8,5.68,5.68,5.74,-0.06,-1.0453,78268.88,44678.049
20180816,60,601678.SH,5.74,5.78,5.65,5.74,5.75,-0.01,-0.1739,67119.73,38451.661
20180815,61,601678.SH,5.88,5.89,5.74,5.75,5.88,-0.13,-2.2109,89100.51,51601.676
20180814,62,601678.SH,5.9,5.96,5.84,5.88,5.93,-0.05,-0.8432,83150.74,49019.216
20180813,63,601678.SH,5.92,5.95,5.8,5.93,6.02,-0.09,-1.495,132525.13,77729.657
20180810,64,601678.SH,5.99,6.05,5.95,6.02,6.03,-0.01,-0.1658,98022.31,58746.701
20180809,65,601678.SH,5.97,6.08,5.93,6.03,6.02,0.01,0.1661,189302.48,113856.849
20180808,66,601678.SH,5.86,6.16,5.85,6.02,5.96,0.06,1.0067,257446.19,154948.474
20180807,67,601678.SH,5.71,6.09,5.67,5.96,5.71,0.25,4.3783,162850.09,95403.979
20180806,68,601678.SH,5.78,5.85,5.66,5.71,5.81,-0.1,-1.7212,119667.41,68454.975
20180803,69,601678.SH,5.84,5.96,5.73,5.81,5.84,-0.03,-0.5137,110788.24,65007.702
20180802,70,601678.SH,5.77,5.85,5.71,5.84,5.83,0.01,0.1715,216019.65,124774.488
20180801,71,601678.SH,5.94,6.01,5.8,5.83,5.91,-0.08,-1.3536,131835.77,77902.925
20180731,72,601678.SH,5.93,5.96,5.87,5.91,5.93,-0.02,-0.3373,68516.23,40523.799
20180730,73,601678.SH,6.03,6.08,5.9,5.93,6.03,-0.1,-1.6584,101836.01,60546.013
20180727,74,601678.SH,5.97,6.06,5.95,6.03,5.97,0.06,1.005,92951.02,55882.758
20180726,75,601678.SH,6.04,6.05,5.95,5.97,6.06,-0.09,-1.4851,118516.6,71052.413
20180725,76,601678.SH,6.03,6.11,5.99,6.06,6.03,0.03,0.4975,112480.53,67964.082
20180724,77,601678.SH,5.84,6.07,5.81,6.03,5.84,0.19,3.2534,194718.39,116634.86
20180723,78,601678.SH,5.8,5.85,5.71,5.84,5.8,0.04,0.6897,124890.63,72275.865
20180720,79,601678.SH,5.78,5.84,5.69,5.8,5.73,0.07,1.2216,98452.37,56800.698
20180719,80,601678.SH,5.85,5.87,5.69,5.73,5.87,-0.14,-2.39,161125.65,92589.125
20180718,81,601678.SH,5.93,5.95,5.85,5.87,5.89,-0.02,-0.34,91070.46,53780.176
20180717,82,601678.SH,5.91,5.97,5.82,5.89,5.97,-0.08,-1.34,96735.69,56843.076
20180716,83,601678.SH,6.01,6.08,5.96,5.97,5.99,-0.02,-0.33,106071.72,63599.096
20180713,84,601678.SH,5.89,6.01,5.88,5.99,5.89,0.1,1.7,138418.72,82269.473
20180712,85,601678.SH,5.75,5.95,5.72,5.89,5.72,0.17,2.97,165559.87,97006.448
20180711,86,601678.SH,6.0,6.0,5.64,5.72,6.08,-0.36,-5.92,286270.1,167381.499
20180710,87,601678.SH,6.02,6.1,6.0,6.08,6.14,-0.06,-0.98,164065.85,99509.996
20180709,88,601678.SH,6.04,6.15,6.03,6.14,6.03,0.11,1.82,158374.31,96690.912
20180706,89,601678.SH,5.98,6.12,5.92,6.03,5.98,0.05,0.84,110978.24,66844.381
20180705,90,601678.SH,6.03,6.07,5.94,5.98,6.03,-0.05,-0.83,115457.42,69199.129
20180704,91,601678.SH,6.16,6.17,6.02,6.03,6.19,-0.16,-2.58,98051.54,59719.402
20180703,92,601678.SH,6.2,6.2,6.02,6.19,6.15,0.04,0.65,116557.88,71387.334
20180702,93,601678.SH,6.17,6.29,6.1,6.15,6.18,-0.03,-0.49,112580.72,69465.25
20180629,94,601678.SH,6.0,6.23,6.0,6.18,6.0,0.18,3.0,115928.96,71183.408
20180628,95,601678.SH,6.12,6.22,5.95,6.0,6.14,-0.14,-2.28,150433.2,91115.504
20180627,96,601678.SH,6.23,6.27,6.13,6.14,6.22,-0.08,-1.29,91049.42,56421.329
20180626,97,601678.SH,6.08,6.28,6.06,6.22,6.16,0.06,0.97,90957.76,56245.872
20180625,98,601678.SH,6.26,6.3,6.14,6.16,6.18,-0.02,-0.32,103088.87,64093.509
20180622,99,601678.SH,6.05,6.21,5.91,6.18,6.09,0.09,1.48,87377.37,53533.373
20180621,100,601678.SH,6.12,6.29,6.09,6.09,6.15,-0.06,-0.98,136470.95,84397.683
20180620,101,601678.SH,6.07,6.22,5.92,6.15,6.06,0.09,1.49,177957.15,108264.516
20180619,102,601678.SH,6.32,6.44,5.95,6.06,6.45,-0.39,-6.05,285579.98,175974.95
20180615,103,601678.SH,6.57,6.59,6.39,6.45,6.55,-0.1,-1.53,185278.74,120102.022
20180614,104,601678.SH,6.71,6.79,6.47,6.55,6.77,-0.22,-3.25,234302.04,155071.87
20180613,105,601678.SH,6.86,6.9,6.75,6.77,6.87,-0.1,-1.46,120832.12,82499.557
20180612,106,601678.SH,6.86,6.88,6.75,6.87,6.86,0.01,0.15,127708.26,87212.166
20180611,107,601678.SH,6.79,6.92,6.75,6.86,6.86,0.0,0.0,123858.42,84603.373
20180608,108,601678.SH,6.91,6.92,6.75,6.86,6.9,-0.04,-0.58,150334.73,102623.721
20180607,109,601678.SH,6.86,7.05,6.81,6.9,6.87,0.03,0.44,263280.36,182928.19
20180606,110,601678.SH,6.82,6.88,6.72,6.87,6.84,0.03,0.44,181746.77,123470.973
20180605,111,601678.SH,6.65,6.85,6.65,6.84,6.63,0.21,3.17,211941.11,143844.213
20180604,112,601678.SH,6.69,6.75,6.57,6.63,6.65,-0.02,-0.3,138941.96,92576.699
20180601,113,601678.SH,6.78,6.78,6.6,6.65,6.83,-0.18,-2.64,192749.51,128798.149
20180531,114,601678.SH,6.81,6.84,6.68,6.83,6.74,0.09,1.34,164154.1,111402.542
20180530,115,601678.SH,6.82,6.9,6.6,6.74,6.97,-0.23,-3.3,273748.26,184692.671
20180529,116,601678.SH,7.11,7.14,6.91,6.97,7.1,-0.13,-1.83,213779.54,149961.287
20180528,117,601678.SH,7.05,7.22,7.02,7.1,7.08,0.02,0.28,188060.24,133746.817
20180525,118,601678.SH,7.2,7.31,6.98,7.08,7.29,-0.21,-2.88,350882.24,249003.672
20180524,119,601678.SH,7.38,7.46,7.25,7.29,7.34,-0.05,-0.68,206149.95,151161.293
20180523,120,601678.SH,7.46,7.52,7.31,7.34,7.48,-0.14,-1.87,281861.5,208772.422
20180522,121,601678.SH,7.46,7.59,7.42,7.48,7.52,-0.04,-0.53,340509.37,255110.129
20180521,122,601678.SH,7.3,7.64,7.27,7.52,7.23,0.29,4.01,601719.37,450112.483
20180518,123,601678.SH,7.28,7.34,7.09,7.23,7.19,0.04,0.56,392435.78,283599.109
20180517,124,601678.SH,7.29,7.54,7.16,7.19,7.3,-0.11,-1.51,661410.33,486189.113
20180516,125,601678.SH,7.2,7.34,7.11,7.3,7.31,-0.01,-0.14,413214.33,297776.832
20180515,126,601678.SH,6.86,7.42,6.8,7.31,6.85,0.46,6.72,524201.52,371159.919
20180514,127,601678.SH,6.81,6.98,6.77,6.85,6.83,0.02,0.29,186983.51,128780.011
20180511,128,601678.SH,6.89,6.93,6.79,6.83,6.89,-0.06,-0.87,189471.58,129572.1
20180510,129,601678.SH,7.05,7.08,6.8,6.89,7.01,-0.12,-1.71,356433.74,247081.118
20180509,130,601678.SH,6.8,7.15,6.76,7.01,6.81,0.2,2.94,434234.99,302485.556
20180508,131,601678.SH,6.82,6.85,6.71,6.81,6.76,0.05,0.74,195462.41,132361.236
20180507,132,601678.SH,6.44,6.85,6.43,6.76,6.46,0.3,4.64,414093.6,277918.107
20180504,133,601678.SH,6.4,6.54,6.34,6.46,6.38,0.08,1.25,198958.51,128235.566
20180503,134,601678.SH,6.31,6.41,6.28,6.38,6.31,0.07,1.11,165312.8,104756.978
20180502,135,601678.SH,6.39,6.45,6.29,6.31,6.42,-0.11,-1.71,209882.25,132960.375
20180427,136,601678.SH,6.5,6.55,6.29,6.42,6.54,-0.12,-1.83,211720.95,135661.219
20180426,137,601678.SH,6.47,6.63,6.33,6.54,6.49,0.05,0.77,196450.74,126852.337
20180425,138,601678.SH,6.53,6.53,6.43,6.49,6.56,-0.07,-1.07,142055.55,91997.612
20180424,139,601678.SH,6.45,6.6,6.4,6.56,6.45,0.11,1.71,204211.62,133569.898
20180423,140,601678.SH,6.28,6.48,6.28,6.45,6.31,0.14,2.22,163285.79,103916.224
20180420,141,601678.SH,6.65,6.69,6.27,6.31,6.7,-0.39,-5.82,249362.71,160321.39
20180419,142,601678.SH,6.55,6.74,6.54,6.7,6.49,0.21,3.24,219818.3,146330.051
20180418,143,601678.SH,6.64,6.69,6.25,6.49,6.62,-0.13,-1.96,242312.92,156603.664
20180417,144,601678.SH,6.85,6.88,6.6,6.62,6.77,-0.15,-2.22,134697.7,91059.54
20180416,145,601678.SH,9.15,9.15,8.93,9.02,9.2,-0.18,-1.96,172954.59,156342.678
20180413,146,601678.SH,9.17,9.22,9.05,9.2,9.13,0.07,0.77,137319.31,125309.963
20180412,147,601678.SH,9.21,9.24,9.06,9.13,9.21,-0.08,-0.87,136052.71,124000.58
20180411,148,601678.SH,9.08,9.24,9.03,9.21,9.05,0.16,1.77,169098.1,154502.974
20180410,149,601678.SH,8.87,9.07,8.83,9.05,8.73,0.32,3.67,198725.9,177940.611
20180409,150,601678.SH,8.64,8.88,8.64,8.73,8.69,0.04,0.46,128807.37,113066.287
20180404,151,601678.SH,8.87,8.92,8.67,8.69,8.8,-0.11,-1.25,122162.19,107399.821
20180403,152,601678.SH,8.89,8.92,8.72,8.8,9.04,-0.24,-2.65,204803.96,180374.8
20180402,153,601678.SH,9.0,9.2,8.95,9.04,9.06,-0.02,-0.22,182108.52,165007.214
20180330,154,601678.SH,9.06,9.1,8.99,9.06,9.08,-0.02,-0.22,142404.61,128704.816
20180329,155,601678.SH,8.74,9.11,8.67,9.08,8.68,0.4,4.61,219791.92,196418.064
20180328,156,601678.SH,8.87,8.98,8.66,8.68,9.05,-0.37,-4.09,235392.12,206949.011
20180327,157,601678.SH,9.03,9.22,8.95,9.05,8.94,0.11,1.23,244869.33,222295.439
20180326,158,601678.SH,8.58,8.95,8.45,8.94,8.82,0.12,1.36,224646.26,196591.106
20180323,159,601678.SH,9.35,9.45,8.78,8.82,9.75,-0.93,-9.54,421264.84,381852.63
20180322,160,601678.SH,9.57,9.85,9.55,9.75,9.54,0.21,2.2,235113.76,228857.383
20180321,161,601678.SH,9.58,9.85,9.52,9.54,9.58,-0.04,-0.42,271415.48,263547.212
20180320,162,601678.SH,9.62,9.71,9.43,9.58,9.74,-0.16,-1.64,247584.03,236449.513
20180319,163,601678.SH,9.84,9.98,9.64,9.74,9.87,-0.13,-1.32,217822.48,213216.864
20180316,164,601678.SH,9.84,9.99,9.61,9.87,9.93,-0.06,-0.6,261174.65,256969.128
20180315,165,601678.SH,10.25,10.31,9.78,9.93,10.32,-0.39,-3.78,418456.71,419339.523
20180314,166,601678.SH,10.24,10.5,10.2,10.32,10.33,-0.01,-0.1,278585.57,287710.022
20180313,167,601678.SH,10.36,10.56,10.22,10.33,10.44,-0.11,-1.05,394072.46,407074.126
20180312,168,601678.SH,10.06,10.6,9.9,10.44,9.97,0.47,4.71,654602.1,673754.55
20180309,169,601678.SH,10.15,10.17,9.76,9.97,9.96,0.01,0.1,402951.17,399455.45
20180308,170,601678.SH,9.85,10.18,9.81,9.96,9.84,0.12,1.22,381939.75,382022.337
20180307,171,601678.SH,10.1,10.2,9.79,9.84,10.22,-0.38,-3.72,479873.84,478895.818
20180306,172,601678.SH,9.68,10.24,9.48,10.22,9.62,0.6,6.24,628088.26,617005.621
20180305,173,601678.SH,9.99,10.08,9.45,9.62,9.98,-0.36,-3.61,631059.84,613820.477
20180302,174,601678.SH,9.92,10.04,9.79,9.98,10.06,-0.08,-0.8,416721.96,413341.05
20180301,175,601678.SH,9.29,10.15,9.23,10.06,9.29,0.77,8.29,733758.69,723110.939
20180228,176,601678.SH,9.26,9.54,9.16,9.29,9.38,-0.09,-0.96,312768.13,292729.499
20180227,177,601678.SH,9.4,9.54,9.26,9.38,9.47,-0.09,-0.95,381233.19,357697.646
20180226,178,601678.SH,9.16,9.49,9.09,9.47,9.06,0.41,4.53,480141.67,446757.313
20180223,179,601678.SH,8.97,9.14,8.9,9.06,8.95,0.11,1.23,260310.92,234753.073
20180222,180,601678.SH,8.49,8.97,8.46,8.95,8.41,0.54,6.42,221886.41,194082.697
20180214,181,601678.SH,8.34,8.48,8.29,8.41,8.32,0.09,1.08,110519.14,92996.513
20180213,182,601678.SH,8.25,8.45,8.24,8.32,8.19,0.13,1.59,160629.98,133851.605
20180212,183,601678.SH,8.2,8.32,8.09,8.19,8.11,0.08,0.99,167344.71,137414.413
20180209,184,601678.SH,8.5,8.66,7.93,8.11,8.8,-0.69,-7.84,427154.98,355996.394
20180208,185,601678.SH,9.09,9.09,8.61,8.8,9.16,-0.36,-3.93,330131.75,292173.228
20180207,186,601678.SH,9.11,9.47,9.02,9.16,8.97,0.19,2.12,451430.64,416859.42
20180206,187,601678.SH,9.02,9.31,8.91,8.97,9.16,-0.19,-2.07,459393.41,418177.931
20180205,188,601678.SH,8.56,9.19,8.52,9.16,8.7,0.46,5.29,367463.01,329166.361
20180202,189,601678.SH,8.45,8.73,8.44,8.7,8.62,0.08,0.93,169992.72,146143.72
20180201,190,601678.SH,8.72,8.85,8.41,8.62,8.75,-0.13,-1.49,223386.74,193005.321
20180131,191,601678.SH,8.95,9.01,8.74,8.75,9.03,-0.28,-3.1,194586.59,172593.398
20180130,192,601678.SH,9.12,9.14,8.92,9.03,9.09,-0.06,-0.66,208815.03,188737.613
20180129,193,601678.SH,9.15,9.23,9.0,9.09,9.11,-0.02,-0.22,297417.9,271285.225
20180126,194,601678.SH,9.04,9.22,8.82,9.11,9.04,0.07,0.77,308370.95,278557.194
20180125,195,601678.SH,8.96,9.14,8.93,9.04,9.0,0.04,0.44,330982.4,298771.363
20180124,196,601678.SH,8.73,9.02,8.65,9.0,8.75,0.25,2.86,294824.43,260149.24
20180123,197,601678.SH,8.89,8.89,8.68,8.75,8.9,-0.15,-1.69,204740.99,179438.748
20180122,198,601678.SH,8.84,8.91,8.57,8.9,8.76,0.14,1.6,255430.66,223466.919
20180119,199,601678.SH,8.9,9.07,8.7,8.76,8.9,-0.14,-1.57,302121.2,268207.983
20180118,200,601678.SH,8.64,8.93,8.6,8.9,8.59,0.31,3.61,292700.34,257449.825
20180117,201,601678.SH,8.89,8.94,8.53,8.59,8.85,-0.26,-2.94,232899.79,201484.011
20180116,202,601678.SH,8.35,8.92,8.33,8.85,8.32,0.53,6.37,374187.14,324748.218
20180115,203,601678.SH,8.62,8.75,8.24,8.32,8.76,-0.44,-5.02,253305.22,213692.975
20180112,204,601678.SH,8.73,8.83,8.58,8.76,8.71,0.05,0.57,174304.56,152292.883
20180111,205,601678.SH,8.71,8.85,8.62,8.71,8.77,-0.06,-0.68,146628.03,127745.36
20180110,206,601678.SH,8.84,8.94,8.64,8.77,8.91,-0.14,-1.57,222582.53,195200.473
20180109,207,601678.SH,8.85,9.04,8.79,8.91,8.97,-0.06,-0.67,312046.3,279439.715
20180108,208,601678.SH,8.61,9.06,8.61,8.97,8.62,0.35,4.06,369263.94,327926.449
20180105,209,601678.SH,8.67,8.9,8.6,8.62,8.71,-0.09,-1.03,314503.36,276058.005
20180104,210,601678.SH,8.53,8.72,8.48,8.71,8.52,0.19,2.23,299735.55,258305.819
20180103,211,601678.SH,8.41,8.68,8.41,8.52,8.46,0.06,0.71,279066.29,238726.835
20180102,212,601678.SH,8.12,8.57,8.06,8.46,8.12,0.34,4.19,319496.76,266746.305
20171229,213,601678.SH,7.92,8.17,7.87,8.12,7.95,0.17,2.14,160874.76,129089.157
20171228,214,601678.SH,7.94,8.04,7.87,7.95,7.95,0.0,0.0,121222.83,96409.797
20171227,215,601678.SH,7.82,8.08,7.82,7.95,7.86,0.09,1.15,147041.31,117103.16
20171226,216,601678.SH,7.89,7.89,7.77,7.86,7.87,-0.01,-0.13,64574.46,50579.964
20171225,217,601678.SH,7.85,7.96,7.75,7.87,7.91,-0.04,-0.51,102223.35,80154.83
20171222,218,601678.SH,7.75,7.94,7.67,7.91,7.74,0.17,2.2,146881.73,114976.654
20171221,219,601678.SH,7.58,7.74,7.52,7.74,7.62,0.12,1.57,90338.4,69162.915
20171220,220,601678.SH,7.68,7.79,7.58,7.62,7.7,-0.08,-1.04,83075.96,63649.168
20171219,221,601678.SH,7.5,7.71,7.5,7.7,7.51,0.19,2.53,112702.25,86136.327
20171218,222,601678.SH,7.4,7.55,7.38,7.51,7.4,0.11,1.49,64657.15,48501.884
20171215,223,601678.SH,7.51,7.51,7.38,7.4,7.51,-0.11,-1.46,56029.63,41702.273
20171214,224,601678.SH,7.54,7.56,7.46,7.51,7.55,-0.04,-0.53,51536.43,38666.614
20171213,225,601678.SH,7.56,7.58,7.44,7.55,7.56,-0.01,-0.13,75561.38,56727.872
20171212,226,601678.SH,7.67,7.67,7.55,7.56,7.63,-0.07,-0.92,56640.0,43090.994
20171211,227,601678.SH,7.56,7.63,7.54,7.63,7.58,0.05,0.66,64546.96,49073.057
20171208,228,601678.SH,7.47,7.6,7.47,7.58,7.49,0.09,1.2,73341.72,55303.757
20171207,229,601678.SH,7.45,7.57,7.45,7.49,7.55,-0.06,-0.79,69720.58,52348.707
20171206,230,601678.SH,7.57,7.66,7.35,7.55,7.56,-0.01,-0.13,130580.1,97702.989
20171205,231,601678.SH,7.79,7.83,7.51,7.56,7.76,-0.2,-2.58,105329.17,80432.118
20171204,232,601678.SH,7.86,7.86,7.75,7.76,7.85,-0.09,-1.15,90383.5,70515.377
20171201,233,601678.SH,7.81,7.95,7.8,7.85,7.84,0.01,0.13,90601.04,71401.698
20171130,234,601678.SH,7.95,7.98,7.8,7.84,7.97,-0.13,-1.63,88313.02,69426.736
20171129,235,601678.SH,7.85,7.98,7.8,7.97,7.83,0.14,1.79,148134.49,117229.495
20171128,236,601678.SH,7.64,7.85,7.6,7.83,7.65,0.18,2.35,132139.79,102289.357
20171127,237,601678.SH,7.53,7.75,7.53,7.65,7.55,0.1,1.32,86783.12,66388.236
20171124,238,601678.SH,7.46,7.7,7.46,7.55,7.51,0.04,0.53,108161.02,82017.793
20171123,239,601678.SH,7.54,7.75,7.5,7.51,7.55,-0.04,-0.53,149472.9,114337.281
20171122,240,601678.SH,7.8,7.8,7.49,7.55,7.77,-0.22,-2.83,172679.44,131604.231
20171121,241,601678.SH,7.79,7.85,7.67,7.77,7.77,0.0,0.0,89731.59,69502.939
20171120,242,601678.SH,7.63,7.83,7.57,7.77,7.65,0.12,1.57,115674.54,89133.005
20171117,243,601678.SH,8.0,8.05,7.63,7.65,8.03,-0.38,-4.73,201452.64,157841.879
20171116,244,601678.SH,8.15,8.15,8.03,8.03,8.11,-0.08,-0.99,112540.74,90978.62
20171115,245,601678.SH,8.05,8.16,8.03,8.11,8.03,0.08,1.0,118378.16,95820.516
20171114,246,601678.SH,8.21,8.22,8.02,8.03,8.29,-0.26,-3.14,240051.0,194346.234
20171113,247,601678.SH,8.37,8.38,8.14,8.29,8.36,-0.07,-0.84,206386.47,170178.133
20171110,248,601678.SH,8.49,8.54,8.31,8.36,8.51,-0.15,-1.76,183582.9,153549.208
20171109,249,601678.SH,8.32,8.53,8.32,8.51,8.33,0.18,2.16,171551.62,145249.645
20171108,250,601678.SH,8.41,8.46,8.31,8.33,8.41,-0.08,-0.95,157759.41,132371.886
20171107,251,601678.SH,8.44,8.5,8.37,8.41,8.46,-0.05,-0.59,181034.42,152474.201
20171106,252,601678.SH,8.44,8.47,8.3,8.46,8.4,0.06,0.71,127814.79,107198.379
20171103,253,601678.SH,8.46,8.53,8.28,8.4,8.46,-0.06,-0.71,154002.44,129198.526
20171102,254,601678.SH,8.61,8.61,8.42,8.46,8.63,-0.17,-1.97,156283.27,132552.888
20171101,255,601678.SH,8.7,8.72,8.57,8.63,8.73,-0.1,-1.15,154457.7,133274.737
20171031,256,601678.SH,8.84,8.85,8.52,8.73,8.76,-0.03,-0.34,195605.47,169487.815
20171030,257,601678.SH,8.98,9.11,8.66,8.76,8.91,-0.15,-1.68,219171.14,193442.357
20171027,258,601678.SH,9.11,9.12,8.89,8.91,9.13,-0.22,-2.41,215425.69,193485.224
20171026,259,601678.SH,8.88,9.18,8.86,9.13,8.91,0.22,2.47,359902.46,325629.374
20171025,260,601678.SH,8.82,9.03,8.78,8.91,8.7,0.21,2.41,282669.54,252354.369
20171024,261,601678.SH,8.71,8.82,8.58,8.7,8.69,0.01,0.12,140508.36,122172.896
20171023,262,601678.SH,8.58,8.76,8.46,8.69,8.59,0.1,1.16,167224.92,144020.443
20171020,263,601678.SH,8.28,8.63,8.26,8.59,8.3,0.29,3.49,148144.18,125560.889
20171019,264,601678.SH,8.68,8.68,8.22,8.3,8.68,-0.38,-4.38,292573.07,244363.586
20171018,265,601678.SH,8.84,8.94,8.68,8.68,8.88,-0.2,-2.25,169699.94,149589.331
20171017,266,601678.SH,8.92,8.98,8.83,8.88,8.92,-0.04,-0.45,145528.11,129460.092
20171016,267,601678.SH,8.8,9.03,8.8,8.92,8.74,0.18,2.06,345042.7,308364.506
20171013,268,601678.SH,8.69,8.82,8.68,8.74,8.6,0.14,1.63,176538.92,154590.757
20171012,269,601678.SH,8.84,8.84,8.5,8.6,8.81,-0.21,-2.38,158303.5,136906.514
20171011,270,601678.SH,8.91,8.91,8.71,8.81,8.88,-0.07,-0.79,141798.2,124757.576
20171010,271,601678.SH,8.87,8.92,8.78,8.88,8.85,0.03,0.34,139425.1,123610.798
20171009,272,601678.SH,8.97,9.0,8.82,8.85,8.76,0.09,1.03,189586.26,168288.578
20170929,273,601678.SH,8.75,8.81,8.68,8.76,8.73,0.03,0.34,147646.48,129174.068
20170928,274,601678.SH,8.55,8.84,8.54,8.73,8.55,0.18,2.11,192597.96,167525.287
20170927,275,601678.SH,8.4,8.6,8.38,8.55,8.4,0.15,1.79,121165.45,103363.319
20170926,276,601678.SH,8.25,8.47,8.2,8.4,8.21,0.19,2.31,188285.8,157840.253
20170925,277,601678.SH,8.54,8.57,8.17,8.21,8.53,-0.32,-3.75,215187.53,179561.601
20170922,278,601678.SH,8.71,8.74,8.44,8.53,8.77,-0.24,-2.74,241013.0,206115.203
20170921,279,601678.SH,8.65,8.99,8.64,8.77,8.62,0.15,1.74,395125.76,349969.05
20170920,280,601678.SH,8.54,8.64,8.43,8.62,8.56,0.06,0.7,194700.78,166591.106
20170919,281,601678.SH,8.54,8.62,8.38,8.56,8.54,0.02,0.23,219189.11,186531.842
20170918,282,601678.SH,8.48,8.68,8.48,8.54,8.5,0.04,0.47,242263.75,207663.541
20170915,283,601678.SH,8.69,8.73,8.46,8.5,8.69,-0.19,-2.19,256817.54,220723.584
20170914,284,601678.SH,8.88,9.01,8.6,8.69,8.93,-0.24,-2.69,348690.1,305660.634
20170913,285,601678.SH,8.8,8.98,8.77,8.93,8.86,0.07,0.79,218505.88,194516.252
20170912,286,601678.SH,8.7,9.02,8.7,8.86,8.66,0.2,2.31,449716.99,400509.36
20170911,287,601678.SH,8.75,8.81,8.58,8.66,8.77,-0.11,-1.25,299719.98,259841.572
20170908,288,601678.SH,8.75,8.89,8.7,8.77,8.78,-0.01,-0.11,186007.17,163520.011
20170907,289,601678.SH,9.02,9.06,8.77,8.78,9.09,-0.31,-3.41,381623.6,338648.571
20170906,290,601678.SH,9.03,9.22,8.98,9.09,9.11,-0.02,-0.22,296495.44,269935.783
20170905,291,601678.SH,9.21,9.25,9.03,9.11,9.27,-0.16,-1.73,265168.27,241531.937
20170904,292,601678.SH,9.29,9.55,9.19,9.27,9.34,-0.07,-0.75,321381.46,299986.253
20170901,293,601678.SH,9.19,9.43,9.09,9.34,9.18,0.16,1.74,515278.98,478448.404
20170831,294,601678.SH,9.31,9.31,8.9,9.18,9.28,-0.1,-1.08,448478.46,406837.571
20170830,295,601678.SH,8.99,9.38,8.91,9.28,8.99,0.29,3.23,459122.1,422367.412
20170829,296,601678.SH,9.1,9.19,8.87,8.99,9.12,-0.13,-1.43,302430.84,271565.048
20170828,297,601678.SH,9.05,9.32,8.98,9.12,9.08,0.04,0.44,302393.96,276497.432
20170825,298,601678.SH,9.1,9.16,8.82,9.08,9.15,-0.07,-0.77,349297.41,315035.437
20170824,299,601678.SH,8.99,9.32,8.99,9.15,9.02,0.13,1.44,300267.7,274818.007
20170823,300,601678.SH,9.39,9.39,8.92,9.02,9.44,-0.42,-4.45,487511.23,446936.967
20170822,301,601678.SH,9.7,9.84,9.4,9.44,9.72,-0.28,-2.88,439189.47,421004.917
20170821,302,601678.SH,9.6,9.89,9.36,9.72,9.58,0.14,1.46,628964.02,605196.221
20170818,303,601678.SH,8.96,9.95,8.87,9.58,9.06,0.52,5.74,842778.99,800761.711
20170817,304,601678.SH,8.91,9.18,8.85,9.06,8.87,0.19,2.14,373705.83,337038.221
20170816,305,601678.SH,9.13,9.13,8.78,8.87,9.15,-0.28,-3.06,453243.95,405201.26
20170815,306,601678.SH,8.9,9.15,8.84,9.15,8.62,0.53,6.15,633870.14,571665.744
20170814,307,601678.SH,8.18,8.68,8.14,8.62,8.19,0.43,5.25,337353.36,286059.912
20170811,308,601678.SH,8.5,8.65,8.13,8.19,8.56,-0.37,-4.32,306271.45,258270.056
20170810,309,601678.SH,8.53,8.62,8.41,8.56,8.76,-0.2,-2.28,357181.26,303614.21
20170809,310,601678.SH,8.64,8.8,8.49,8.76,8.6,0.16,1.86,291080.62,251898.603
20170808,311,601678.SH,8.76,8.92,8.52,8.6,8.82,-0.22,-2.49,371370.81,324894.806
20170807,312,601678.SH,8.82,8.93,8.41,8.82,8.82,0.0,0.0,463471.94,400566.02
20170804,313,601678.SH,9.3,9.3,8.8,8.82,9.27,-0.45,-4.85,716522.05,647055.44
20170803,314,601678.SH,9.4,9.45,9.1,9.27,9.58,-0.31,-3.24,755159.23,698550.422
20170802,315,601678.SH,8.77,9.58,8.77,9.58,8.71,0.87,9.99,1238539.72,1161833.193
20170801,316,601678.SH,9.0,9.22,8.46,8.71,8.38,0.33,3.94,783476.5,693086.783
20170727,317,601678.SH,8.62,8.98,8.31,8.38,8.61,-0.23,-2.67,629393.68,541698.218
20170726,318,601678.SH,8.41,8.75,8.39,8.61,8.44,0.17,2.01,544297.22,466645.011
20170725,319,601678.SH,8.17,8.49,8.06,8.44,8.2,0.24,2.93,433803.17,359587.211
20170724,320,601678.SH,7.96,8.55,7.95,8.2,7.92,0.28,3.54,510895.83,421475.913
20170721,321,601678.SH,7.91,7.96,7.73,7.92,7.91,0.01,0.13,293752.22,230697.432
20170720,322,601678.SH,7.87,8.0,7.77,7.91,7.89,0.02,0.25,271230.6,213564.051
20170719,323,601678.SH,7.56,7.98,7.56,7.89,7.58,0.31,4.09,311950.16,243735.553
20170718,324,601678.SH,7.28,7.58,7.28,7.58,7.31,0.27,3.69,173231.45,129006.533
20170717,325,601678.SH,7.66,7.67,7.18,7.31,7.65,-0.34,-4.44,248941.69,185259.344
20170714,326,601678.SH,7.65,7.74,7.55,7.65,7.64,0.01,0.13,168186.35,128794.2
20170713,327,601678.SH,7.49,7.75,7.47,7.64,7.48,0.16,2.14,317188.89,242893.456
20170712,328,601678.SH,7.32,7.53,7.2,7.48,7.28,0.2,2.75,248307.08,182557.4
20170711,329,601678.SH,7.47,7.54,7.24,7.28,7.51,-0.23,-3.06,209024.12,155122.705
20170710,330,601678.SH,7.3,7.61,7.28,7.51,7.3,0.21,2.88,338870.73,253921.154
20170707,331,601678.SH,7.25,7.36,7.22,7.3,7.29,0.01,0.14,196176.89,142987.262
20170706,332,601678.SH,7.33,7.4,7.2,7.29,7.37,-0.08,-1.09,346040.49,252538.556
20170705,333,601678.SH,7.16,7.42,7.13,7.37,7.19,0.18,2.5,286749.82,208794.582
20170704,334,601678.SH,7.06,7.26,7.01,7.19,7.07,0.12,1.7,205880.91,146514.285
20170703,335,601678.SH,7.06,7.17,6.98,7.07,6.95,0.12,1.73,196392.52,138897.2
20170630,336,601678.SH,6.91,6.99,6.85,6.95,6.89,0.06,0.87,128106.76,88662.802
20170629,337,601678.SH,6.82,6.95,6.82,6.89,6.82,0.07,1.03,104141.44,71770.206
20170628,338,601678.SH,6.77,6.88,6.74,6.82,6.79,0.03,0.44,94658.14,64675.193
20170627,339,601678.SH,6.78,6.85,6.74,6.79,6.77,0.02,0.3,92204.19,62670.103
20170626,340,601678.SH,6.61,6.77,6.61,6.77,6.61,0.16,2.42,142835.17,95947.585
20170623,341,601678.SH,6.52,6.61,6.5,6.61,6.52,0.09,1.38,65509.9,42920.988
20170622,342,601678.SH,6.71,6.71,6.51,6.52,6.72,-0.2,-2.98,102978.08,68148.465
20170621,343,601678.SH,6.72,6.73,6.65,6.72,6.71,0.01,0.15,59387.64,39714.235
20170620,344,601678.SH,6.67,6.74,6.63,6.71,6.64,0.07,1.05,67561.99,45215.879
20170619,345,601678.SH,6.62,6.67,6.59,6.64,6.6,0.04,0.61,71925.73,47661.061
20170616,346,601678.SH,6.54,6.63,6.51,6.6,6.54,0.06,0.92,74180.07,48539.86
20170615,347,601678.SH,6.51,6.56,6.5,6.54,6.51,0.03,0.46,75269.66,49128.131
20170614,348,601678.SH,6.57,6.57,6.46,6.51,6.57,-0.06,-0.91,66939.02,43683.82
20170613,349,601678.SH,6.48,6.58,6.46,6.57,6.51,0.06,0.92,73709.19,48182.053
20170612,350,601678.SH,6.6,6.6,6.41,6.51,6.6,-0.09,-1.36,84296.18,54821.877
20170609,351,601678.SH,6.53,6.62,6.48,6.6,6.54,0.06,0.92,80915.15,52926.624
20170608,352,601678.SH,6.5,6.54,6.47,6.54,6.5,0.04,0.62,53241.45,34669.24
20170607,353,601678.SH,6.39,6.52,6.38,6.5,6.39,0.11,1.72,89265.14,57678.228
20170606,354,601678.SH,6.36,6.41,6.34,6.39,6.38,0.01,0.16,50093.57,31888.832
20170605,355,601678.SH,6.36,6.42,6.35,6.38,6.36,0.02,0.31,55836.77,35639.421
20170602,356,601678.SH,6.29,6.38,6.25,6.36,6.33,0.03,0.47,58726.44,37115.101
20170601,357,601678.SH,6.34,6.36,6.26,6.33,6.35,-0.02,-0.32,55871.62,35275.891
20170531,358,601678.SH,6.34,6.44,6.31,6.35,6.31,0.04,0.63,66836.91,42445.895
20170526,359,601678.SH,6.32,6.33,6.28,6.31,6.31,0.0,0.0,35886.23,22616.915
20170525,360,601678.SH,6.23,6.32,6.16,6.31,6.22,0.09,1.45,128159.78,79926.357
20170524,361,601678.SH,6.1,6.22,6.1,6.22,6.15,0.07,1.14,49674.32,30661.879
20170523,362,601678.SH,6.3,6.31,6.1,6.15,6.28,-0.13,-2.07,67634.22,41935.291
20170522,363,601678.SH,6.28,6.4,6.26,6.28,6.32,-0.04,-0.63,63855.89,40393.479
20170519,364,601678.SH,6.32,6.39,6.26,6.32,6.31,0.01,0.16,29613.56,18673.771
20170518,365,601678.SH,6.32,6.42,6.22,6.31,6.37,-0.06,-0.94,42981.75,27276.484
20170517,366,601678.SH,6.3,6.44,6.29,6.37,6.32,0.05,0.79,86822.33,55297.03
20170516,367,601678.SH,6.21,6.32,6.15,6.32,6.22,0.1,1.61,80711.5,50354.713
20170515,368,601678.SH,6.23,6.28,6.19,6.22,6.23,-0.01,-0.16,37140.33,23106.874
20170512,369,601678.SH,6.25,6.26,6.15,6.23,6.25,-0.02,-0.32,54835.65,34058.682
20170511,370,601678.SH,6.29,6.3,6.06,6.25,6.3,-0.05,-0.79,108694.78,67076.695
20170510,371,601678.SH,6.54,6.57,6.28,6.3,6.54,-0.24,-3.67,83135.56,53395.817
20170509,372,601678.SH,6.46,6.55,6.46,6.54,6.5,0.04,0.62,56801.06,36955.446
20170508,373,601678.SH,6.65,6.66,6.48,6.5,6.67,-0.17,-2.55,108732.09,71404.177
20170505,374,601678.SH,6.72,6.75,6.62,6.67,6.72,-0.05,-0.74,102864.83,68625.297
20170504,375,601678.SH,6.89,6.94,6.7,6.72,6.81,-0.09,-1.32,159251.31,108950.068
20170503,376,601678.SH,6.77,6.88,6.75,6.81,6.84,-0.03,-0.44,157952.69,107536.689
20170502,377,601678.SH,6.62,6.91,6.6,6.84,6.56,0.28,4.27,269880.94,183337.369
20170428,378,601678.SH,6.56,6.62,6.5,6.56,6.57,-0.01,-0.15,77595.61,50800.26
20170427,379,601678.SH,6.63,6.63,6.45,6.57,6.63,-0.06,-0.91,117001.25,76449.318
20170426,380,601678.SH,6.59,6.75,6.52,6.63,6.62,0.01,0.15,129570.72,86073.885
20170425,381,601678.SH,6.42,6.65,6.38,6.62,6.42,0.2,3.12,105460.67,68682.07
20170424,382,601678.SH,6.47,6.48,6.29,6.42,6.47,-0.05,-0.77,102252.54,65339.72
20170421,383,601678.SH,6.51,6.55,6.41,6.47,6.49,-0.02,-0.31,103903.05,67226.236
20170420,384,601678.SH,6.55,6.58,6.38,6.49,6.54,-0.05,-0.76,130851.79,84665.285
20170419,385,601678.SH,6.79,6.85,6.53,6.54,6.77,-0.23,-3.4,141534.78,93640.936
20170418,386,601678.SH,6.89,7.02,6.86,6.87,6.89,-0.02,-0.29,85054.83,58947.805
20170417,387,601678.SH,6.87,6.98,6.8,6.89,6.89,0.0,0.0,143513.81,98956.133
20170414,388,601678.SH,7.2,7.2,6.88,6.89,7.2,-0.31,-4.31,286109.03,201048.476
20170413,389,601678.SH,7.27,7.31,7.18,7.2,7.27,-0.07,-0.96,207560.48,150322.885
20170412,390,601678.SH,7.21,7.28,7.15,7.27,7.23,0.04,0.55,207294.83,149759.434
20170411,391,601678.SH,7.19,7.28,7.12,7.23,7.22,0.01,0.14,195095.57,140409.364
20170410,392,601678.SH,7.13,7.25,7.12,7.22,7.15,0.07,0.98,202394.15,145482.179
20170407,393,601678.SH,7.2,7.2,7.09,7.15,7.21,-0.06,-0.83,167546.38,119395.0
20170406,394,601678.SH,7.23,7.23,7.14,7.21,7.23,-0.02,-0.28,165758.75,119098.135
20170405,395,601678.SH,7.28,7.35,7.16,7.23,7.21,0.02,0.28,286541.92,206904.636
20170331,396,601678.SH,7.21,7.27,7.11,7.21,7.21,0.0,0.0,158796.81,114072.029
20170330,397,601678.SH,7.27,7.31,7.1,7.21,7.34,-0.13,-1.77,274065.57,196943.319
20170329,398,601678.SH,7.01,7.52,6.99,7.34,6.98,0.36,5.16,460287.8,334609.851
20170328,399,601678.SH,6.93,6.99,6.93,6.98,6.94,0.04,0.58,92544.66,64484.96
20170327,400,601678.SH,6.91,6.99,6.9,6.94,6.9,0.04,0.58,89158.38,61921.217
20170324,401,601678.SH,6.93,6.95,6.86,6.9,6.93,-0.03,-0.43,109748.09,75731.97
20170323,402,601678.SH,6.93,7.01,6.87,6.93,6.93,0.0,0.0,107903.74,74946.515
20170322,403,601678.SH,7.0,7.0,6.91,6.93,6.99,-0.06,-0.86,89078.4,61810.364
20170321,404,601678.SH,7.03,7.03,6.96,6.99,7.03,-0.04,-0.57,100388.67,70139.796
20170320,405,601678.SH,7.05,7.07,6.98,7.03,7.06,-0.03,-0.42,102889.7,72242.46
20170317,406,601678.SH,7.09,7.15,7.05,7.06,7.1,-0.04,-0.56,115647.96,82175.21
20170316,407,601678.SH,7.1,7.14,7.05,7.1,7.06,0.04,0.57,161258.79,114386.773
20170315,408,601678.SH,7.05,7.12,7.04,7.06,7.09,-0.03,-0.42,73350.94,51857.463
20170314,409,601678.SH,7.18,7.18,7.07,7.09,7.16,-0.07,-0.98,149942.41,106566.839
20170313,410,601678.SH,6.92,7.17,6.87,7.16,6.92,0.24,3.47,186435.41,131714.932
20170310,411,601678.SH,6.93,6.99,6.88,6.92,6.92,0.0,0.0,81437.4,56495.55
20170309,412,601678.SH,7.02,7.02,6.9,6.92,7.01,-0.09,-1.28,99933.69,69359.953
20170308,413,601678.SH,7.1,7.13,6.93,7.01,7.1,-0.09,-1.27,179858.05,126555.525
20170307,414,601678.SH,7.12,7.16,7.08,7.1,7.13,-0.03,-0.42,119241.91,84841.697
20170306,415,601678.SH,7.15,7.16,7.06,7.13,7.13,0.0,0.0,95258.01,67758.396
20170303,416,601678.SH,7.13,7.16,7.05,7.13,7.1,0.03,0.42,119491.96,84825.299
20170302,417,601678.SH,7.24,7.26,7.08,7.1,7.24,-0.14,-1.93,155308.89,110691.901
20170301,418,601678.SH,7.23,7.28,7.2,7.24,7.23,0.01,0.14,91100.46,65989.874
20170228,419,601678.SH,7.24,7.3,7.17,7.23,7.23,0.0,0.0,121036.98,87513.956
20170227,420,601678.SH,7.11,7.3,7.1,7.23,7.11,0.12,1.69,194742.77,140790.396
20170224,421,601678.SH,7.14,7.17,7.07,7.11,7.15,-0.04,-0.56,86150.1,61387.961
20170223,422,601678.SH,7.23,7.25,7.1,7.15,7.25,-0.1,-1.38,132965.72,95157.085
20170222,423,601678.SH,7.19,7.28,7.17,7.25,7.21,0.04,0.55,126818.2,91829.256
20170221,424,601678.SH,7.16,7.23,7.1,7.21,7.14,0.07,0.98,129092.02,92736.091
20170220,425,601678.SH,7.09,7.23,7.03,7.14,7.07,0.07,0.99,181408.2,129548.352
20170217,426,601678.SH,7.11,7.13,7.04,7.07,7.11,-0.04,-0.56,72816.66,51513.984
20170216,427,601678.SH,7.08,7.13,7.02,7.11,7.08,0.03,0.42,95747.94,67868.688
20170215,428,601678.SH,7.25,7.25,7.02,7.08,7.24,-0.16,-2.21,220221.92,156188.712
20170214,429,601678.SH,7.27,7.32,7.19,7.24,7.27,-0.03,-0.41,109736.04,79655.404
20170213,430,601678.SH,7.23,7.36,7.21,7.27,7.25,0.02,0.28,138463.79,100969.078
20170210,431,601678.SH,7.2,7.3,7.16,7.25,7.23,0.02,0.28,153501.94,110936.147
20170209,432,601678.SH,7.0,7.25,6.98,7.23,7.02,0.21,2.99,250246.68,178463.325
20170208,433,601678.SH,7.04,7.05,6.89,7.02,7.0,0.02,0.29,140952.08,98355.066
20170207,434,601678.SH,6.94,7.07,6.9,7.0,6.97,0.03,0.43,119969.55,83690.523
20170206,435,601678.SH,6.83,7.0,6.82,6.97,6.84,0.13,1.9,131579.61,91094.366
20170203,436,601678.SH,6.84,7.01,6.82,6.84,6.82,0.02,0.29,125310.11,86203.943
20170126,437,601678.SH,6.85,6.87,6.79,6.82,6.81,0.01,0.15,70101.4,47898.079
20170125,438,601678.SH,6.75,6.83,6.73,6.81,6.75,0.06,0.89,92242.87,62672.766
20170124,439,601678.SH,6.79,6.85,6.69,6.75,6.76,-0.01,-0.15,108029.17,73059.432
20170123,440,601678.SH,6.66,6.92,6.66,6.76,6.59,0.17,2.58,162543.56,110944.616
20170120,441,601678.SH,6.47,6.63,6.45,6.59,6.51,0.08,1.23,106097.21,69586.661
20170119,442,601678.SH,6.72,6.72,6.43,6.51,6.7,-0.19,-2.84,123245.69,80832.186
20170118,443,601678.SH,6.75,6.9,6.67,6.7,6.78,-0.08,-1.18,102188.67,69105.537
20170117,444,601678.SH,6.69,6.91,6.66,6.78,6.87,-0.09,-1.31,181723.97,122600.582
20170116,445,601678.SH,7.44,7.45,6.87,6.87,7.63,-0.76,-9.96,431062.88,304597.976
20170113,446,601678.SH,7.56,7.65,7.4,7.63,7.53,0.1,1.33,176169.6,133254.361
20170112,447,601678.SH,7.57,7.85,7.39,7.53,7.48,0.05,0.67,281382.56,213705.111
20170111,448,601678.SH,7.77,7.8,7.38,7.48,7.82,-0.34,-4.35,356314.49,268738.994
20170110,449,601678.SH,8.01,8.18,7.67,7.82,7.89,-0.07,-0.89,637094.31,504376.246
20170109,450,601678.SH,7.13,7.89,7.07,7.89,7.17,0.72,10.04,569713.9,437734.88
20170106,451,601678.SH,7.6,7.98,7.15,7.17,7.63,-0.46,-6.03,534309.39,401331.496
20170105,452,601678.SH,7.48,7.69,7.38,7.63,7.5,0.13,1.73,236034.42,178505.096
20170104,453,601678.SH,7.57,7.57,7.3,7.5,7.5,0.0,0.0,258824.96,192216.556
20170103,454,601678.SH,7.33,7.65,7.29,7.5,7.29,0.21,2.88,327093.1,245891.395
20161230,455,601678.SH,7.15,7.32,7.06,7.29,7.13,0.16,2.24,260014.63,187153.566
20161229,456,601678.SH,7.13,7.25,7.03,7.13,7.12,0.01,0.14,121152.88,86617.958
20161228,457,601678.SH,7.14,7.26,7.06,7.12,7.15,-0.03,-0.42,185033.21,132306.078
20161227,458,601678.SH,6.91,7.3,6.89,7.15,6.91,0.24,3.47,351781.83,251041.105
20161226,459,601678.SH,6.9,7.05,6.79,6.91,6.9,0.01,0.14,245601.12,170829.978
20161223,460,601678.SH,6.78,6.92,6.75,6.9,6.78,0.12,1.77,192663.47,132131.546
20161222,461,601678.SH,6.82,6.85,6.7,6.78,6.82,-0.04,-0.59,107566.58,72868.006
20161221,462,601678.SH,6.73,6.84,6.68,6.82,6.74,0.08,1.19,142701.76,96316.248
20161220,463,601678.SH,6.68,6.93,6.68,6.74,6.62,0.12,1.81,336198.51,229143.89
20161219,464,601678.SH,6.35,6.65,6.31,6.62,6.33,0.29,4.58,202910.0,132669.737
20161216,465,601678.SH,6.27,6.33,6.25,6.33,6.27,0.06,0.96,56072.65,35354.543
20161215,466,601678.SH,6.11,6.32,6.11,6.27,6.14,0.13,2.12,82403.09,51329.476
20161214,467,601678.SH,6.29,6.29,6.12,6.14,6.18,-0.04,-0.65,88129.95,54858.135
20161213,468,601678.SH,6.07,6.2,6.01,6.18,6.13,0.05,0.82,81289.32,49796.964
20161212,469,601678.SH,6.48,6.52,6.02,6.13,6.5,-0.37,-5.69,211380.92,131036.437
20161209,470,601678.SH,6.68,6.68,6.45,6.5,6.55,-0.05,-0.76,123834.88,80885.431
20161208,471,601678.SH,6.6,6.65,6.48,6.55,6.63,-0.08,-1.21,101201.62,66088.406
20161207,472,601678.SH,6.65,6.65,6.54,6.63,6.59,0.04,0.61,59189.87,39022.383
20161206,473,601678.SH,6.63,6.65,6.54,6.59,6.55,0.04,0.61,76848.91,50728.992
20161205,474,601678.SH,6.51,6.69,6.41,6.55,6.62,-0.07,-1.06,122575.57,79833.341
20161202,475,601678.SH,6.75,6.83,6.57,6.62,6.81,-0.19,-2.79,208735.88,139655.081
20161201,476,601678.SH,6.58,6.82,6.55,6.81,6.56,0.25,3.81,246591.35,165095.17
20161130,477,601678.SH,6.68,6.68,6.52,6.56,6.57,-0.01,-0.15,89360.2,58809.394
20161129,478,601678.SH,6.7,6.78,6.49,6.57,6.75,-0.18,-2.67,206340.46,136939.198
20161128,479,601678.SH,6.55,6.83,6.51,6.75,6.55,0.2,3.05,279687.4,187802.291
20161125,480,601678.SH,6.45,6.59,6.29,6.55,6.41,0.14,2.18,234674.53,151108.243
20161124,481,601678.SH,6.65,6.66,6.38,6.41,6.62,-0.21,-3.17,252952.63,164394.003
20161123,482,601678.SH,6.69,6.74,6.61,6.62,6.67,-0.05,-0.75,124464.22,82870.674
20161122,483,601678.SH,6.71,6.75,6.62,6.67,6.71,-0.04,-0.6,253453.94,169254.341
20161121,484,601678.SH,6.78,6.8,6.67,6.71,6.79,-0.08,-1.18,124133.83,83605.72
20161118,485,601678.SH,6.81,6.87,6.62,6.79,6.83,-0.04,-0.59,187431.31,126180.524
20161117,486,601678.SH,6.8,6.86,6.74,6.83,6.8,0.03,0.44,189219.35,128882.643
20161116,487,601678.SH,6.78,6.86,6.6,6.8,6.77,0.03,0.44,172442.52,116337.073
20161115,488,601678.SH,6.74,6.81,6.65,6.77,6.74,0.03,0.45,125991.04,84816.425
20161114,489,601678.SH,6.8,6.87,6.65,6.74,6.8,-0.06,-0.88,222567.83,150297.18
20161111,490,601678.SH,6.89,6.92,6.76,6.8,6.89,-0.09,-1.31,233820.34,159721.378
20161110,491,601678.SH,6.89,6.98,6.73,6.89,6.91,-0.02,-0.29,368383.09,252061.49
20161109,492,601678.SH,6.8,6.97,6.56,6.91,6.76,0.15,2.22,457197.28,308702.574
20161108,493,601678.SH,6.4,6.85,6.39,6.76,6.36,0.4,6.29,570640.98,379729.191
20161107,494,601678.SH,6.05,6.41,6.03,6.36,6.05,0.31,5.12,295280.92,185252.873
20161104,495,601678.SH,6.18,6.2,5.99,6.05,6.2,-0.15,-2.42,195729.25,118780.929
20161103,496,601678.SH,6.1,6.26,6.1,6.2,6.13,0.07,1.14,98620.79,61115.521
20161102,497,601678.SH,6.36,6.37,6.11,6.13,6.32,-0.19,-3.01,215742.38,134007.83
20161101,498,601678.SH,6.36,6.36,6.25,6.32,6.29,0.03,0.48,111709.78,70332.714
20161031,499,601678.SH,6.36,6.39,6.23,6.29,6.4,-0.11,-1.72,127912.78,80590.436
20161028,500,601678.SH,6.55,6.59,6.35,6.4,6.54,-0.14,-2.14,205541.09,131936.203
20161027,501,601678.SH,6.66,6.74,6.5,6.54,6.64,-0.1,-1.51,202220.33,133138.056
20161026,502,601678.SH,6.42,6.76,6.35,6.64,6.44,0.2,3.11,422457.1,281488.164
20161025,503,601678.SH,6.36,6.45,6.31,6.44,6.4,0.04,0.63,235365.28,150441.73
20161024,504,601678.SH,6.29,6.45,6.16,6.4,6.36,0.04,0.63,234826.65,147981.986
20161021,505,601678.SH,6.32,6.45,6.27,6.36,6.38,-0.02,-0.31,166306.58,105787.179
20161020,506,601678.SH,6.35,6.43,6.21,6.38,6.4,-0.02,-0.31,200787.3,127134.864
20161019,507,601678.SH,6.26,6.51,6.26,6.4,6.31,0.09,1.43,330417.88,211160.951
20161018,508,601678.SH,6.38,6.39,6.18,6.31,6.27,0.04,0.64,341532.85,214507.918
20161017,509,601678.SH,6.61,6.88,6.23,6.27,6.59,-0.32,-4.86,520381.42,340264.849
20161014,510,601678.SH,6.54,6.64,6.41,6.59,6.51,0.08,1.23,131062.04,85361.33
20161013,511,601678.SH,6.48,6.67,6.43,6.51,6.45,0.06,0.93,199315.3,130564.345
20161012,512,601678.SH,6.26,6.58,6.23,6.45,6.3,0.15,2.38,271386.19,174838.81
20161011,513,601678.SH,6.23,6.34,6.2,6.3,6.24,0.06,0.96,269553.72,169120.107
20161010,514,601678.SH,6.01,6.33,5.97,6.24,5.93,0.31,5.23,395787.61,244223.906
20160930,515,601678.SH,5.9,5.96,5.85,5.93,5.96,-0.03,-0.5,138977.52,82235.587
20160929,516,601678.SH,6.01,6.13,5.93,5.96,5.97,-0.01,-0.17,172533.38,103658.416
20160928,517,601678.SH,6.07,6.08,5.92,5.97,6.01,-0.04,-0.67,146950.13,87749.947
20160927,518,601678.SH,6.01,6.18,5.86,6.01,6.06,-0.05,-0.83,303392.33,182893.211
20160926,519,601678.SH,5.85,6.35,5.82,6.06,5.78,0.28,4.84,525016.06,319090.243
20160923,520,601678.SH,5.99,6.15,5.75,5.78,6.0,-0.22,-3.67,422050.44,252062.372
20160922,521,601678.SH,5.83,6.03,5.83,6.0,5.81,0.19,3.27,383656.2,228317.457
20160921,522,601678.SH,5.88,5.91,5.74,5.81,5.82,-0.01,-0.17,201370.71,117256.531
20160920,523,601678.SH,5.79,5.97,5.77,5.82,5.82,0.0,0.0,326202.45,191643.289
20160919,524,601678.SH,5.62,5.92,5.58,5.82,5.7,0.12,2.11,420642.36,242495.277
20160914,525,601678.SH,5.49,5.78,5.43,5.7,5.5,0.2,3.64,579546.55,327864.426
20160913,526,601678.SH,5.54,5.64,5.42,5.5,5.38,0.12,2.23,370347.03,203520.89
20160912,527,601678.SH,5.25,5.4,5.18,5.38,5.32,0.06,1.13,204504.37,108124.603
20160909,528,601678.SH,5.38,5.4,5.27,5.32,5.37,-0.05,-0.93,117566.16,62763.507
20160908,529,601678.SH,5.29,5.42,5.28,5.37,5.28,0.09,1.7,151945.34,81403.047
20160907,530,601678.SH,5.34,5.48,5.27,5.28,5.34,-0.06,-1.12,202517.09,108580.908
20160906,531,601678.SH,5.26,5.37,5.24,5.34,5.3,0.04,0.75,175175.91,93249.666
20160905,532,601678.SH,5.25,5.31,5.21,5.3,5.23,0.07,1.34,154985.23,81422.018
20160902,533,601678.SH,5.1,5.24,5.09,5.23,5.12,0.11,2.15,123806.22,64335.033
20160901,534,601678.SH,5.23,5.23,5.12,5.12,5.23,-0.11,-2.1,73130.39,37810.863
20160831,535,601678.SH,5.18,5.24,5.16,5.23,5.18,0.05,0.97,114218.12,59473.487
20160830,536,601678.SH,5.1,5.18,5.09,5.18,5.09,0.09,1.77,100604.74,51814.512
20160829,537,601678.SH,5.12,5.12,5.07,5.09,5.13,-0.04,-0.78,56972.24,29040.047
20160826,538,601678.SH,5.11,5.14,5.1,5.13,5.12,0.01,0.2,62272.18,31890.577
20160825,539,601678.SH,5.16,5.16,5.07,5.12,5.17,-0.05,-0.97,77864.58,39723.577
20160824,540,601678.SH,5.18,5.2,5.15,5.17,5.21,-0.04,-0.77,60609.76,31355.601
20160823,541,601678.SH,5.18,5.22,5.16,5.21,5.18,0.03,0.58,80508.04,41867.129
20160822,542,601678.SH,5.21,5.22,5.18,5.18,5.2,-0.02,-0.38,60792.21,31589.478
20160819,543,601678.SH,5.19,5.21,5.15,5.2,5.19,0.01,0.19,64303.28,33312.04
20160818,544,601678.SH,5.21,5.24,5.18,5.19,5.21,-0.02,-0.38,69342.89,36102.816
20160817,545,601678.SH,5.17,5.25,5.16,5.21,5.18,0.03,0.58,95505.39,49718.729
20160816,546,601678.SH,5.19,5.22,5.15,5.18,5.19,-0.01,-0.19,101902.91,52850.474
20160815,547,601678.SH,5.11,5.2,5.1,5.19,5.11,0.08,1.57,119810.57,61887.491
20160812,548,601678.SH,5.08,5.13,5.05,5.11,5.08,0.03,0.59,54016.15,27488.905
20160811,549,601678.SH,5.11,5.13,5.06,5.08,5.11,-0.03,-0.59,57530.33,29313.687
20160810,550,601678.SH,5.12,5.15,5.11,5.11,5.14,-0.03,-0.58,50061.45,25665.219
20160809,551,601678.SH,5.09,5.15,5.08,5.14,5.1,0.04,0.78,60290.71,30863.506
20160808,552,601678.SH,5.05,5.1,5.03,5.1,5.06,0.04,0.79,62689.98,31798.374
20160805,553,601678.SH,5.07,5.09,5.05,5.06,5.07,-0.01,-0.2,46445.18,23534.339
20160804,554,601678.SH,5.04,5.09,5.03,5.07,5.07,0.0,0.0,50465.82,25551.633
20160803,555,601678.SH,5.04,5.08,5.04,5.07,5.06,0.01,0.2,58503.64,29605.92
20160802,556,601678.SH,5.05,5.09,5.03,5.06,5.05,0.01,0.2,59861.86,30276.401
20160801,557,601678.SH,5.07,5.1,4.99,5.05,5.11,-0.06,-1.17,105273.69,52963.165
20160729,558,601678.SH,5.26,5.26,5.1,5.11,5.26,-0.15,-2.85,175246.43,90742.328
20160728,559,601678.SH,5.07,5.28,4.99,5.26,5.04,0.22,4.37,198632.14,102022.727
20160727,560,601678.SH,5.23,5.24,5.0,5.04,5.22,-0.18,-3.45,171426.25,88054.362
20160726,561,601678.SH,5.13,5.23,5.11,5.22,5.12,0.1,1.95,114660.58,59386.993
20160725,562,601678.SH,5.13,5.15,5.09,5.12,5.13,-0.01,-0.19,70361.92,36020.236
20160722,563,601678.SH,5.19,5.19,5.12,5.13,5.19,-0.06,-1.16,81070.4,41751.167
20160721,564,601678.SH,5.19,5.22,5.18,5.19,5.18,0.01,0.19,81537.31,42384.154
20160720,565,601678.SH,5.19,5.23,5.17,5.18,5.19,-0.01,-0.19,77938.96,40504.15
20160719,566,601678.SH,5.16,5.2,5.16,5.19,5.16,0.03,0.58,61991.6,32110.664
20160718,567,601678.SH,5.22,5.22,5.14,5.16,5.22,-0.06,-1.15,92737.72,47954.052
20160715,568,601678.SH,5.26,5.28,5.22,5.22,5.26,-0.04,-0.76,103615.17,54272.055
20160714,569,601678.SH,5.28,5.32,5.22,5.26,5.4,-0.14,-2.59,258471.0,136005.175
20160713,570,601678.SH,5.42,5.57,5.36,5.4,5.28,0.12,2.27,411737.79,224513.286
20160712,571,601678.SH,5.12,5.3,5.11,5.28,5.14,0.14,2.72,241543.07,125701.199
20160711,572,601678.SH,5.14,5.19,5.12,5.14,5.13,0.01,0.19,97889.02,50481.917
20160708,573,601678.SH,5.12,5.17,5.1,5.13,5.13,0.0,0.0,88727.37,45575.508
20160707,574,601678.SH,5.17,5.17,5.09,5.13,5.17,-0.04,-0.77,136380.96,69887.829
20160706,575,601678.SH,5.19,5.19,5.13,5.17,5.18,-0.01,-0.19,91921.79,47412.207
20160705,576,601678.SH,5.17,5.19,5.15,5.18,5.17,0.01,0.19,127026.81,65673.42
20160704,577,601678.SH,5.06,5.2,5.06,5.17,5.09,0.08,1.57,159981.03,82414.7
20160701,578,601678.SH,5.08,5.11,5.05,5.09,5.09,0.0,0.0,71389.25,36272.751
20160630,579,601678.SH,5.11,5.13,5.06,5.09,5.1,-0.01,-0.2,100771.88,51197.558
20160629,580,601678.SH,5.11,5.14,5.07,5.1,5.11,-0.01,-0.2,93055.59,47464.05
20160628,581,601678.SH,5.07,5.11,5.05,5.11,5.1,0.01,0.2,100356.13,50991.712
20160627,582,601678.SH,4.99,5.13,4.97,5.1,5.02,0.08,1.59,95455.58,48551.287
20160624,583,601678.SH,5.07,5.12,4.92,5.02,5.07,-0.05,-0.99,115976.3,58487.246
20160623,584,601678.SH,5.12,5.12,5.06,5.07,5.13,-0.06,-1.17,99982.79,50833.148
20160622,585,601678.SH,5.09,5.16,5.07,5.13,5.12,0.01,0.2,122030.9,62407.261
20160621,586,601678.SH,5.18,5.22,5.11,5.12,5.16,-0.04,-0.78,206421.49,106661.844
20160620,587,601678.SH,5.11,5.2,5.06,5.16,5.16,0.0,0.0,262611.15,134282.652
20160617,588,601678.SH,5.4,5.53,5.13,5.16,5.36,-0.2,-3.73,439359.81,233667.562
20160616,589,601678.SH,5.55,5.55,5.21,5.36,5.14,0.22,4.28,561327.67,301138.119
20160615,590,601678.SH,4.66,5.14,4.63,5.14,4.67,0.47,10.06,209096.02,104534.73
20160614,591,601678.SH,4.66,4.7,4.65,4.67,4.68,-0.01,-0.21,54540.03,25466.487
20160613,592,601678.SH,4.8,4.82,4.68,4.68,4.82,-0.14,-2.9,79307.92,37700.231
20160608,593,601678.SH,4.86,4.86,4.78,4.82,4.87,-0.05,-1.03,79059.17,38085.899
20160607,594,601678.SH,4.9,4.95,4.83,4.87,4.9,-0.03,-0.61,97972.5,47855.462
20160606,595,601678.SH,4.95,4.96,4.89,4.9,4.94,-0.04,-0.81,52296.45,25764.005
20160603,596,601678.SH,4.91,4.97,4.88,4.94,4.89,0.05,1.02,86589.03,42721.024
20160602,597,601678.SH,4.88,4.92,4.86,4.89,4.88,0.01,0.2,67525.03,33038.803
20160601,598,601678.SH,4.93,4.94,4.87,4.88,4.89,-0.01,-0.2,92146.53,45179.516
20160531,599,601678.SH,4.69,4.92,4.69,4.89,4.72,0.17,3.6,119203.07,57727.536
20160530,600,601678.SH,4.69,4.74,4.64,4.72,4.71,0.01,0.21,45524.75,21411.418
20160527,601,601678.SH,4.73,4.75,4.67,4.71,4.74,-0.03,-0.63,52054.05,24529.011
20160526,602,601678.SH,4.72,4.76,4.63,4.74,4.73,0.01,0.21,63671.49,29856.688
20160525,603,601678.SH,4.77,4.79,4.71,4.73,4.74,-0.01,-0.21,42182.12,20032.277
20160524,604,601678.SH,4.81,4.83,4.69,4.74,4.84,-0.1,-2.07,75102.74,35638.377
20160523,605,601678.SH,4.83,4.85,4.81,4.84,4.81,0.03,0.62,52982.98,25597.644
20160520,606,601678.SH,4.72,4.82,4.72,4.81,4.75,0.06,1.26,37304.27,17816.469
20160519,607,601678.SH,4.78,4.85,4.72,4.75,4.78,-0.03,-0.63,55001.27,26410.836
20160518,608,601678.SH,4.83,4.83,4.7,4.78,4.83,-0.05,-1.04,79591.89,37974.713
20160517,609,601678.SH,4.87,4.88,4.8,4.83,4.86,-0.03,-0.62,51106.82,24746.8
20160516,610,601678.SH,4.8,4.86,4.76,4.86,4.8,0.06,1.25,45369.34,21856.739
20160513,611,601678.SH,4.82,4.87,4.77,4.8,4.84,-0.04,-0.83,45713.07,22034.052
20160512,612,601678.SH,4.9,4.9,4.75,4.84,4.92,-0.08,-1.63,69295.01,33331.689
20160511,613,601678.SH,4.98,4.99,4.91,4.92,4.95,-0.03,-0.61,46302.08,22902.639
20160510,614,601678.SH,4.94,4.99,4.92,4.95,4.94,0.01,0.2,57752.25,28591.919
20160509,615,601678.SH,5.21,5.22,4.91,4.94,5.23,-0.29,-5.54,113874.83,57250.423
20160506,616,601678.SH,5.43,5.46,5.23,5.23,5.43,-0.2,-3.68,111021.19,59331.08
20160505,617,601678.SH,5.48,5.5,5.39,5.43,5.48,-0.05,-0.91,121758.11,66052.881
20160504,618,601678.SH,5.5,5.56,5.47,5.48,5.53,-0.05,-0.9,81276.31,44768.814
20160503,619,601678.SH,5.45,5.6,5.4,5.53,5.43,0.1,1.84,106833.42,59032.234
20160429,620,601678.SH,5.45,5.49,5.41,5.43,5.45,-0.02,-0.37,46279.17,25236.586
20160428,621,601678.SH,5.48,5.51,5.39,5.45,5.47,-0.02,-0.37,86049.2,47063.827
20160427,622,601678.SH,5.54,5.57,5.46,5.47,5.54,-0.07,-1.26,67873.99,37409.611
20160426,623,601678.SH,5.48,5.56,5.42,5.54,5.47,0.07,1.28,71127.42,39008.414
20160425,624,601678.SH,5.5,5.53,5.38,5.47,5.5,-0.03,-0.55,57275.66,31124.136
20160422,625,601678.SH,6.65,6.83,6.64,6.75,6.71,0.04,0.6,84497.7,56809.795
20160421,626,601678.SH,6.69,6.88,6.66,6.71,6.7,0.01,0.15,89937.06,60831.762
20160420,627,601678.SH,7.14,7.17,6.5,6.7,7.12,-0.42,-5.9,217442.08,148400.517
20160419,628,601678.SH,7.11,7.26,7.06,7.12,7.27,-0.15,-2.06,185818.9,132588.054
20160418,629,601678.SH,7.24,7.35,7.2,7.27,7.27,0.0,0.0,156356.72,113764.053
20160415,630,601678.SH,7.25,7.33,7.2,7.27,7.34,-0.07,-0.95,159935.42,115979.809
20160414,631,601678.SH,7.19,7.35,7.14,7.34,7.14,0.2,2.8,343500.79,249184.244
20160413,632,601678.SH,6.91,7.28,6.91,7.14,6.89,0.25,3.63,311641.54,221850.676
20160412,633,601678.SH,6.95,6.98,6.84,6.89,6.96,-0.07,-1.01,78014.26,53804.648
20160411,634,601678.SH,6.86,7.0,6.85,6.96,6.83,0.13,1.9,98445.63,68417.762
20160408,635,601678.SH,6.83,6.9,6.78,6.83,6.93,-0.1,-1.44,79006.27,53975.728
20160407,636,601678.SH,6.97,7.0,6.92,6.93,6.97,-0.04,-0.57,100377.3,69840.42
20160406,637,601678.SH,6.98,7.01,6.91,6.97,7.02,-0.05,-0.71,95486.02,66506.544
20160405,638,601678.SH,6.88,7.02,6.87,7.02,6.9,0.12,1.74,143185.39,99756.624
20160401,639,601678.SH,6.9,6.93,6.77,6.9,6.9,0.0,0.0,101954.37,69863.559
20160331,640,601678.SH,6.98,7.0,6.86,6.9,6.98,-0.08,-1.15,149682.25,103517.72
20160330,641,601678.SH,6.7,6.98,6.7,6.98,6.63,0.35,5.28,155664.13,106629.589
20160329,642,601678.SH,6.8,6.84,6.61,6.63,6.81,-0.18,-2.64,101878.67,68455.262
20160328,643,601678.SH,6.9,6.96,6.78,6.81,6.93,-0.12,-1.73,180689.57,124513.551
20160325,644,601678.SH,6.9,6.95,6.84,6.93,6.89,0.04,0.58,81140.8,55959.858
20160324,645,601678.SH,6.94,6.99,6.88,6.89,6.98,-0.09,-1.29,160803.99,111190.424
20160323,646,601678.SH,6.92,7.03,6.91,6.98,7.0,-0.02,-0.29,107853.13,75074.577
20160322,647,601678.SH,7.05,7.05,6.96,7.0,7.09,-0.09,-1.27,140491.57,98383.163
20160321,648,601678.SH,7.06,7.1,6.99,7.09,7.05,0.04,0.57,245847.21,173555.508
20160318,649,601678.SH,7.0,7.1,6.93,7.05,6.85,0.2,2.92,309508.12,217403.618
20160317,650,601678.SH,6.66,6.86,6.62,6.85,6.65,0.2,3.01,204962.23,138435.342
20160316,651,601678.SH,6.82,6.88,6.62,6.65,6.79,-0.14,-2.06,170993.52,114884.155
20160315,652,601678.SH,6.6,6.83,6.52,6.79,6.59,0.2,3.03,210838.74,141511.329
20160314,653,601678.SH,6.5,6.68,6.46,6.59,6.42,0.17,2.65,115224.41,76119.096
20160311,654,601678.SH,6.36,6.44,6.26,6.42,6.41,0.01,0.16,76048.11,48405.626
20160310,655,601678.SH,6.5,6.57,6.4,6.41,6.46,-0.05,-0.77,98713.35,64138.245
20160309,656,601678.SH,6.56,6.62,6.44,6.46,6.69,-0.23,-3.44,129311.05,84284.034
20160308,657,601678.SH,6.87,6.87,6.5,6.69,6.8,-0.11,-1.62,182163.31,121073.76
20160307,658,601678.SH,6.55,6.87,6.55,6.8,6.47,0.33,5.1,212658.88,142624.862
20160304,659,601678.SH,6.58,6.68,6.41,6.47,6.55,-0.08,-1.22,166863.85,109281.764
20160303,660,601678.SH,6.63,6.74,6.53,6.55,6.63,-0.08,-1.21,198183.75,131152.517
20160302,661,601678.SH,6.4,6.67,6.33,6.63,6.39,0.24,3.76,219200.92,143354.259
20160301,662,601678.SH,6.12,6.43,6.08,6.39,6.1,0.29,4.75,138465.38,86379.669
20160229,663,601678.SH,6.31,6.33,5.97,6.1,6.36,-0.26,-4.09,134714.5,81733.35
20160226,664,601678.SH,6.2,6.42,6.13,6.36,6.0,0.36,6.0,183562.16,115448.564
20160225,665,601678.SH,6.57,6.59,5.99,6.0,6.61,-0.61,-9.23,200885.86,125731.761
20160224,666,601678.SH,6.5,6.68,6.45,6.61,6.46,0.15,2.32,185575.86,121925.058
20160223,667,601678.SH,6.56,6.56,6.38,6.46,6.55,-0.09,-1.37,123465.1,79681.264
20160222,668,601678.SH,6.49,6.57,6.43,6.55,6.44,0.11,1.71,180314.45,117298.263
20160219,669,601678.SH,6.43,6.48,6.37,6.44,6.48,-0.04,-0.62,123656.81,79470.613
20160218,670,601678.SH,6.53,6.64,6.42,6.48,6.71,-0.23,-3.43,316580.67,206481.099
20160217,671,601678.SH,6.45,6.74,6.4,6.71,6.13,0.58,9.46,441988.5,295327.4
20160216,672,601678.SH,5.84,6.15,5.84,6.13,5.83,0.3,5.15,133485.79,80329.59
20160215,673,601678.SH,5.79,5.86,5.69,5.83,5.89,-0.06,-1.02,59027.69,34134.012
20160205,674,601678.SH,5.96,6.0,5.85,5.89,5.96,-0.07,-1.17,59421.52,35160.955
20160204,675,601678.SH,5.82,6.0,5.82,5.96,5.83,0.13,2.23,111599.32,66292.777
20160203,676,601678.SH,5.78,5.85,5.68,5.83,5.86,-0.03,-0.51,75818.46,43606.86
20160202,677,601678.SH,5.7,5.92,5.7,5.86,5.77,0.09,1.56,113093.12,66115.705
20160201,678,601678.SH,5.71,5.83,5.67,5.77,5.6,0.17,3.04,191628.66,110501.783
20160129,679,601678.SH,5.42,5.63,5.39,5.6,5.4,0.2,3.7,79757.43,44122.849
20160128,680,601678.SH,5.46,5.55,5.38,5.4,5.52,-0.12,-2.17,58419.75,31942.244
20160127,681,601678.SH,5.6,5.64,5.28,5.52,5.54,-0.02,-0.36,101677.57,55847.419
20160126,682,601678.SH,6.04,6.05,5.5,5.54,6.08,-0.54,-8.88,128347.54,74837.205
20160125,683,601678.SH,6.15,6.15,6.05,6.08,6.08,0.0,0.0,81293.16,49662.497
20160122,684,601678.SH,6.04,6.1,5.95,6.08,5.99,0.09,1.5,77435.82,46753.606
20160121,685,601678.SH,6.0,6.18,5.98,5.99,6.1,-0.11,-1.8,107312.51,65234.419
20160120,686,601678.SH,6.15,6.2,6.01,6.1,6.19,-0.09,-1.45,116751.04,71369.156
20160119,687,601678.SH,6.0,6.24,5.92,6.19,5.99,0.2,3.34,125564.73,76616.686
20160118,688,601678.SH,5.84,6.07,5.8,5.99,5.94,0.05,0.84,83786.48,50032.563
20160115,689,601678.SH,6.17,6.21,5.87,5.94,6.17,-0.23,-3.73,125330.5,75964.726
20160114,690,601678.SH,5.9,6.18,5.85,6.17,6.02,0.15,2.49,127247.5,76743.552
20160113,691,601678.SH,6.21,6.28,6.0,6.02,6.19,-0.17,-2.75,122665.8,75610.341
20160112,692,601678.SH,6.1,6.24,6.05,6.19,6.1,0.09,1.48,113601.12,69918.296
20160111,693,601678.SH,6.53,6.53,6.02,6.1,6.61,-0.51,-7.72,181971.03,115268.258
20160108,694,601678.SH,6.71,6.75,6.31,6.61,6.5,0.11,1.69,249986.67,163934.831
20160107,695,601678.SH,7.08,7.08,6.5,6.5,7.22,-0.72,-9.97,78426.0,53317.73
20160106,696,601678.SH,7.05,7.25,6.98,7.22,7.22,0.0,0.0,342734.85,243147.212
20160105,697,601678.SH,7.22,7.4,7.22,7.22,8.02,-0.8,-9.98,533453.52,386245.977
